Destination,Year,Migrating into the country
Afghanistan,2015 Combined,339432
Afghanistan,2020 Combined,144098
Afghanistan,2015 Males,171550
Afghanistan,2020 Males,69189
Afghanistan,2015 Females,167882
Afghanistan,2020 Females,74909
Albania,2015 Combined,52031
Albania,2020 Combined,48810
Albania,2015 Males,26517
Albania,2020 Males,24908
Albania,2015 Females,25514
Albania,2020 Females,23902
Algeria,2015 Combined,239473
Algeria,2020 Combined,250378
Algeria,2015 Males,126522
Algeria,2020 Males,132142
Algeria,2015 Females,112951
Algeria,2020 Females,118236
American Samoa,2015 Combined,23513
American Samoa,2020 Combined,23608
American Samoa,2015 Males,11998
American Samoa,2020 Males,12047
American Samoa,2015 Females,11515
American Samoa,2020 Females,11561
Andorra,2015 Combined,42264
Andorra,2020 Combined,45574
Andorra,2015 Males,21485
Andorra,2020 Males,23333
Andorra,2015 Females,20779
Andorra,2020 Females,22241
Angola,2015 Combined,632178
Angola,2020 Combined,656434
Angola,2015 Males,304635
Angola,2020 Males,331401
Angola,2015 Females,327543
Angola,2020 Females,325033
Anguilla,2015 Combined,5471
Anguilla,2020 Combined,5715
Anguilla,2015 Males,2594
Anguilla,2020 Males,2706
Anguilla,2015 Females,2877
Anguilla,2020 Females,3009
Antigua and Barbuda,2015 Combined,28082
Antigua and Barbuda,2020 Combined,29386
Antigua and Barbuda,2015 Males,12524
Antigua and Barbuda,2020 Males,13120
Antigua and Barbuda,2015 Females,15558
Antigua and Barbuda,2020 Females,16266
Argentina,2015 Combined,2086305
Argentina,2020 Combined,2281732
Argentina,2015 Males,960310
Argentina,2020 Males,1062533
Argentina,2015 Females,1125995
Argentina,2020 Females,1219199
Armenia,2015 Combined,191199
Armenia,2020 Combined,190349
Armenia,2015 Males,77436
Armenia,2020 Males,78085
Armenia,2015 Females,113763
Armenia,2020 Females,112264
Aruba,2015 Combined,36114
Aruba,2020 Combined,53593
Aruba,2015 Males,16108
Aruba,2020 Males,24307
Aruba,2015 Females,20006
Aruba,2020 Females,29286
Australia,2015 Combined,6731280
Australia,2020 Combined,7687649
Australia,2015 Males,3344038
Australia,2020 Males,3813000
Australia,2015 Females,3387242
Australia,2020 Females,3874649
Austria,2015 Combined,1483125
Austria,2020 Combined,1738184
Austria,2015 Males,714538
Austria,2020 Males,848395
Austria,2015 Females,768587
Austria,2020 Females,889789
Azerbaijan,2015 Combined,264359
Azerbaijan,2020 Combined,252228
Azerbaijan,2015 Males,126656
Azerbaijan,2020 Males,121007
Azerbaijan,2015 Females,137703
Azerbaijan,2020 Females,131221
Bahamas,2015 Combined,59241
Bahamas,2020 Combined,63583
Bahamas,2015 Males,29963
Bahamas,2020 Males,32161
Bahamas,2015 Females,29278
Bahamas,2020 Females,31422
Bahrain,2015 Combined,722487
Bahrain,2020 Combined,936094
Bahrain,2015 Males,529546
Bahrain,2020 Males,694238
Bahrain,2015 Females,192941
Bahrain,2020 Females,241856
Bangladesh,2015 Combined,1422179
Bangladesh,2020 Combined,2115408
Bangladesh,2015 Males,751741
Bangladesh,2020 Males,1093978
Bangladesh,2015 Females,670438
Bangladesh,2020 Females,1021430
Barbados,2015 Combined,34475
Barbados,2020 Combined,34869
Barbados,2015 Males,15488
Barbados,2020 Males,15668
Barbados,2015 Females,18987
Barbados,2020 Females,19201
Belarus,2015 Combined,1082905
Belarus,2020 Combined,1067090
Belarus,2015 Males,495961
Belarus,2020 Males,488713
Belarus,2015 Females,586944
Belarus,2020 Females,578377
Belgium,2015 Combined,1783488
Belgium,2020 Combined,2005479
Belgium,2015 Males,869989
Belgium,2020 Males,984117
Belgium,2015 Females,913499
Belgium,2020 Females,1021362
Belize,2015 Combined,54615
Belize,2020 Combined,62043
Belize,2015 Males,27473
Belize,2020 Males,31210
Belize,2015 Females,27142
Belize,2020 Females,30833
Benin,2015 Combined,366284
Benin,2020 Combined,394276
Benin,2015 Males,172056
Benin,2020 Males,185619
Benin,2015 Females,194228
Benin,2020 Females,208657
Bermuda,2015 Combined,19212
Bermuda,2020 Combined,19739
Bermuda,2015 Males,9421
Bermuda,2020 Males,9724
Bermuda,2015 Females,9791
Bermuda,2020 Females,10015
Bhutan,2015 Combined,51106
Bhutan,2020 Combined,53612
Bhutan,2015 Males,43396
Bhutan,2020 Males,45524
Bhutan,2015 Females,7710
Bhutan,2020 Females,8088
Bolivia (Plurinational State of),2015 Combined,143008
Bolivia (Plurinational State of),2020 Combined,164121
Bolivia (Plurinational State of),2015 Males,74949
Bolivia (Plurinational State of),2020 Males,85961
Bolivia (Plurinational State of),2015 Females,68059
Bolivia (Plurinational State of),2020 Females,78160
"Bonaire, Sint Eustatius and Saba",2015 Combined,24571
"Bonaire, Sint Eustatius and Saba",2020 Combined,26221
"Bonaire, Sint Eustatius and Saba",2015 Males,12709
"Bonaire, Sint Eustatius and Saba",2020 Males,13614
"Bonaire, Sint Eustatius and Saba",2015 Females,11862
"Bonaire, Sint Eustatius and Saba",2020 Females,12607
Bosnia and Herzegovina,2015 Combined,38597
Bosnia and Herzegovina,2020 Combined,36042
Bosnia and Herzegovina,2015 Males,18412
Bosnia and Herzegovina,2020 Males,16880
Bosnia and Herzegovina,2015 Females,20185
Bosnia and Herzegovina,2020 Females,19162
Botswana,2015 Combined,103053
Botswana,2020 Combined,110268
Botswana,2015 Males,58651
Botswana,2020 Males,62817
Botswana,2015 Females,44402
Botswana,2020 Females,47451
Brazil,2015 Combined,710428
Brazil,2020 Combined,1079841
Brazil,2015 Males,383534
Brazil,2020 Males,582966
Brazil,2015 Females,326894
Brazil,2020 Females,496875
British Virgin Islands,2015 Combined,19535
British Virgin Islands,2020 Combined,22164
British Virgin Islands,2015 Males,9413
British Virgin Islands,2020 Males,10681
British Virgin Islands,2015 Females,10122
British Virgin Islands,2020 Females,11483
Brunei Darussalam,2015 Combined,102733
Brunei Darussalam,2020 Combined,111959
Brunei Darussalam,2015 Males,58181
Brunei Darussalam,2020 Males,63407
Brunei Darussalam,2015 Females,44552
Brunei Darussalam,2020 Females,48552
Bulgaria,2015 Combined,123810
Bulgaria,2020 Combined,184367
Bulgaria,2015 Males,60063
Bulgaria,2020 Males,91587
Bulgaria,2015 Females,63747
Bulgaria,2020 Females,92780
Burkina Faso,2015 Combined,704676
Burkina Faso,2020 Combined,723989
Burkina Faso,2015 Males,335328
Burkina Faso,2020 Males,344331
Burkina Faso,2015 Females,369348
Burkina Faso,2020 Females,379658
Burundi,2015 Combined,298299
Burundi,2020 Combined,344767
Burundi,2015 Males,146970
Burundi,2020 Males,170125
Burundi,2015 Females,151329
Burundi,2020 Females,174642
Cabo Verde,2015 Combined,14924
Cabo Verde,2020 Combined,15788
Cabo Verde,2015 Males,7547
Cabo Verde,2020 Males,7985
Cabo Verde,2015 Females,7377
Cabo Verde,2020 Females,7803
Cambodia,2015 Combined,73962
Cambodia,2020 Combined,79341
Cambodia,2015 Males,39854
Cambodia,2020 Males,42730
Cambodia,2015 Females,34108
Cambodia,2020 Females,36611
Cameroon,2015 Combined,508346
Cameroon,2020 Combined,579209
Cameroon,2015 Males,251311
Cameroon,2020 Males,286254
Cameroon,2015 Females,257035
Cameroon,2020 Females,292955
Canada,2015 Combined,7428657
Canada,2020 Combined,8049323
Canada,2015 Males,3533164
Canada,2020 Males,3828361
Canada,2015 Females,3895493
Canada,2020 Females,4220962
Cayman Islands,2015 Combined,26193
Cayman Islands,2020 Combined,29242
Cayman Islands,2015 Males,13406
Cayman Islands,2020 Males,15017
Cayman Islands,2015 Females,12787
Cayman Islands,2020 Females,14225
Central African Republic,2015 Combined,81568
Central African Republic,2020 Combined,88546
Central African Republic,2015 Males,43147
Central African Republic,2020 Males,46357
Central African Republic,2015 Females,38421
Central African Republic,2020 Females,42189
Chad,2015 Combined,466968
Chad,2020 Combined,547494
Chad,2015 Males,215640
Chad,2020 Males,249548
Chad,2015 Females,251328
Chad,2020 Females,297946
Channel Islands,2015 Combined,82307
Channel Islands,2020 Combined,84087
Channel Islands,2015 Males,39338
Channel Islands,2020 Males,40190
Channel Islands,2015 Females,42969
Channel Islands,2020 Females,43897
Chile,2015 Combined,639724
Chile,2020 Combined,1645015
Chile,2015 Males,319714
Chile,2020 Males,830073
Chile,2015 Females,320010
Chile,2020 Females,814942
China,2015 Combined,978046
China,2020 Combined,1039675
China,2015 Males,600136
China,2020 Males,637952
China,2015 Females,377910
China,2020 Females,401723
"China, Hong Kong SAR",2015 Combined,2841113
"China, Hong Kong SAR",2020 Combined,2962492
"China, Hong Kong SAR",2015 Males,1120982
"China, Hong Kong SAR",2020 Males,1107970
"China, Hong Kong SAR",2015 Females,1720131
"China, Hong Kong SAR",2020 Females,1854522
"China, Macao SAR",2015 Combined,376066
"China, Macao SAR",2020 Combined,403490
"China, Macao SAR",2015 Males,174589
"China, Macao SAR",2020 Males,187321
"China, Macao SAR",2015 Females,201477
"China, Macao SAR",2020 Females,216169
"China, Taiwan Province of China",2015 Combined,0
"China, Taiwan Province of China",2020 Combined,0
"China, Taiwan Province of China",2015 Males,0
"China, Taiwan Province of China",2020 Males,0
"China, Taiwan Province of China",2015 Females,0
"China, Taiwan Province of China",2020 Females,0
Colombia,2015 Combined,159407
Colombia,2020 Combined,1905393
Colombia,2015 Males,85158
Colombia,2020 Males,953735
Colombia,2015 Females,74249
Colombia,2020 Females,951658
Comoros,2015 Combined,12555
Comoros,2020 Combined,12496
Comoros,2015 Males,6071
Comoros,2020 Males,6044
Comoros,2015 Females,6484
Comoros,2020 Females,6452
Congo,2015 Combined,390142
Congo,2020 Combined,387606
Congo,2015 Males,213764
Congo,2020 Males,211403
Congo,2015 Females,176378
Congo,2020 Females,176203
Cook Islands,2015 Combined,4168
Cook Islands,2020 Combined,4579
Cook Islands,2015 Males,2090
Cook Islands,2020 Males,2290
Cook Islands,2015 Females,2078
Cook Islands,2020 Females,2289
Costa Rica,2015 Combined,411702
Costa Rica,2020 Combined,520735
Costa Rica,2015 Males,197615
Costa Rica,2020 Males,263639
Costa Rica,2015 Females,214087
Costa Rica,2020 Females,257096
Croatia,2015 Combined,561093
Croatia,2020 Combined,528056
Croatia,2015 Males,260473
Croatia,2020 Males,245564
Croatia,2015 Females,300620
Croatia,2020 Females,282492
Cuba,2015 Combined,4649
Cuba,2020 Combined,3024
Cuba,2015 Males,2027
Cuba,2020 Males,1312
Cuba,2015 Females,2622
Cuba,2020 Females,1712
Curaçao,2015 Combined,37611
Curaçao,2020 Combined,57210
Curaçao,2015 Males,15467
Curaçao,2020 Males,24958
Curaçao,2015 Females,22144
Curaçao,2020 Females,32252
Cyprus,2015 Combined,176693
Cyprus,2020 Combined,190366
Cyprus,2015 Males,77357
Cyprus,2020 Males,85679
Cyprus,2015 Females,99336
Cyprus,2020 Females,104687
Czechia,2015 Combined,416455
Czechia,2020 Combined,540921
Czechia,2015 Males,239228
Czechia,2020 Males,312941
Czechia,2015 Females,177227
Czechia,2020 Females,227980
Côte d'Ivoire,2015 Combined,2470613
Côte d'Ivoire,2020 Combined,2564857
Côte d'Ivoire,2015 Males,1368110
Côte d'Ivoire,2020 Males,1420248
Côte d'Ivoire,2015 Females,1102503
Côte d'Ivoire,2020 Females,1144609
Dem. People's Republic of Korea,2015 Combined,48458
Dem. People's Republic of Korea,2020 Combined,49549
Dem. People's Republic of Korea,2015 Males,24110
Dem. People's Republic of Korea,2020 Males,24654
Dem. People's Republic of Korea,2015 Females,24348
Dem. People's Republic of Korea,2020 Females,24895
Democratic Republic of the Congo,2015 Combined,810018
Democratic Republic of the Congo,2020 Combined,952871
Democratic Republic of the Congo,2015 Males,393966
Democratic Republic of the Congo,2020 Males,459052
Democratic Republic of the Congo,2015 Females,416052
Democratic Republic of the Congo,2020 Females,493819
Denmark,2015 Combined,595880
Denmark,2020 Combined,717577
Denmark,2015 Males,291433
Denmark,2020 Males,354478
Denmark,2015 Females,304447
Denmark,2020 Females,363099
Djibouti,2015 Combined,112351
Djibouti,2020 Combined,119738
Djibouti,2015 Males,59081
Djibouti,2020 Males,62863
Djibouti,2015 Females,53270
Djibouti,2020 Females,56875
Dominica,2015 Combined,8093
Dominica,2020 Combined,8284
Dominica,2015 Males,4215
Dominica,2020 Males,4314
Dominica,2015 Females,3878
Dominica,2020 Females,3970
Dominican Republic,2015 Combined,549289
Dominican Republic,2020 Combined,603794
Dominican Republic,2015 Males,353448
Dominican Republic,2020 Males,382542
Dominican Republic,2015 Females,195841
Dominican Republic,2020 Females,221252
Ecuador,2015 Combined,387513
Ecuador,2020 Combined,784787
Ecuador,2015 Males,200352
Ecuador,2020 Males,406860
Ecuador,2015 Females,187161
Ecuador,2020 Females,377927
Egypt,2015 Combined,353641
Egypt,2020 Combined,543937
Egypt,2015 Males,207433
Egypt,2020 Males,289552
Egypt,2015 Females,146208
Egypt,2020 Females,254385
El Salvador,2015 Combined,42059
El Salvador,2020 Combined,42767
El Salvador,2015 Males,20006
El Salvador,2020 Males,20344
El Salvador,2015 Females,22053
El Salvador,2020 Females,22423
Equatorial Guinea,2015 Combined,209611
Equatorial Guinea,2020 Combined,230618
Equatorial Guinea,2015 Males,161527
Equatorial Guinea,2020 Males,177716
Equatorial Guinea,2015 Females,48084
Equatorial Guinea,2020 Females,52902
Eritrea,2015 Combined,15941
Eritrea,2020 Combined,13934
Eritrea,2015 Males,8833
Eritrea,2020 Males,7815
Eritrea,2015 Females,7108
Eritrea,2020 Females,6119
Estonia,2015 Combined,194665
Estonia,2020 Combined,199277
Estonia,2015 Males,80025
Estonia,2020 Males,86767
Estonia,2015 Females,114640
Estonia,2020 Females,112510
Eswatini,2015 Combined,32352
Eswatini,2020 Combined,32858
Eswatini,2015 Males,16627
Eswatini,2020 Males,16921
Eswatini,2015 Females,15725
Eswatini,2020 Females,15937
Ethiopia,2015 Combined,1161642
Ethiopia,2020 Combined,1085517
Ethiopia,2015 Males,591409
Ethiopia,2020 Males,536807
Ethiopia,2015 Females,570233
Ethiopia,2020 Females,548710
Falkland Islands (Malvinas),2015 Combined,1571
Falkland Islands (Malvinas),2020 Combined,1957
Falkland Islands (Malvinas),2015 Males,873
Falkland Islands (Malvinas),2020 Males,1089
Falkland Islands (Malvinas),2015 Females,698
Falkland Islands (Malvinas),2020 Females,868
Faroe Islands,2015 Combined,5485
Faroe Islands,2020 Combined,6812
Faroe Islands,2015 Males,2783
Faroe Islands,2020 Males,3542
Faroe Islands,2015 Females,2702
Faroe Islands,2020 Females,3270
Fiji,2015 Combined,14526
Fiji,2020 Combined,14880
Fiji,2015 Males,7840
Fiji,2020 Males,8031
Fiji,2015 Females,6686
Fiji,2020 Females,6849
Finland,2015 Combined,314856
Finland,2020 Combined,386052
Finland,2015 Males,159315
Finland,2020 Males,198822
Finland,2015 Females,155541
Finland,2020 Females,187230
France,2015 Combined,7878350
France,2020 Combined,8524886
France,2015 Males,3808576
France,2020 Males,4130741
France,2015 Females,4069774
France,2020 Females,4394145
French Guiana,2015 Combined,106108
French Guiana,2020 Combined,119249
French Guiana,2015 Males,50399
French Guiana,2020 Males,56642
French Guiana,2015 Females,55709
French Guiana,2020 Females,62607
French Polynesia,2015 Combined,30058
French Polynesia,2020 Combined,30081
French Polynesia,2015 Males,17136
French Polynesia,2020 Males,17150
French Polynesia,2015 Females,12922
French Polynesia,2020 Females,12931
Gabon,2015 Combined,378686
Gabon,2020 Combined,416651
Gabon,2015 Males,243782
Gabon,2020 Males,268032
Gabon,2015 Females,134904
Gabon,2020 Females,148619
Gambia,2015 Combined,192540
Gambia,2020 Combined,215659
Gambia,2015 Males,101501
Gambia,2020 Males,113766
Gambia,2015 Females,91039
Gambia,2020 Females,101893
Georgia,2015 Combined,76685
Georgia,2020 Combined,79368
Georgia,2015 Males,33570
Georgia,2020 Males,34879
Georgia,2015 Females,43115
Georgia,2020 Females,44489
Germany,2015 Combined,10220418
Germany,2020 Combined,15762457
Germany,2015 Males,5037961
Germany,2020 Males,7891635
Germany,2015 Females,5182457
Germany,2020 Females,7870822
Ghana,2015 Combined,414744
Ghana,2020 Combined,476412
Ghana,2015 Males,221026
Ghana,2020 Males,254403
Ghana,2015 Females,193718
Ghana,2020 Females,222009
Gibraltar,2015 Combined,11065
Gibraltar,2020 Combined,11190
Gibraltar,2015 Males,5591
Gibraltar,2020 Males,5656
Gibraltar,2015 Females,5474
Gibraltar,2020 Females,5534
Greece,2015 Combined,1243110
Greece,2020 Combined,1340645
Greece,2015 Males,570680
Greece,2020 Males,642796
Greece,2015 Females,672430
Greece,2020 Females,697849
Greenland,2015 Combined,6009
Greenland,2020 Combined,5899
Greenland,2015 Males,3951
Greenland,2020 Males,3822
Greenland,2015 Females,2058
Greenland,2020 Females,2077
Grenada,2015 Combined,7057
Grenada,2020 Combined,7213
Grenada,2015 Males,3502
Grenada,2020 Males,3292
Grenada,2015 Females,3555
Grenada,2020 Females,3921
Guadeloupe,2015 Combined,90956
Guadeloupe,2020 Combined,90206
Guadeloupe,2015 Males,38680
Guadeloupe,2020 Males,37914
Guadeloupe,2015 Females,52276
Guadeloupe,2020 Females,52292
Guam,2015 Combined,90627
Guam,2020 Combined,95842
Guam,2015 Males,46746
Guam,2020 Males,49441
Guam,2015 Females,43881
Guam,2020 Females,46401
Guatemala,2015 Combined,74852
Guatemala,2020 Combined,84311
Guatemala,2015 Males,35728
Guatemala,2020 Males,39916
Guatemala,2015 Females,39124
Guatemala,2020 Females,44395
Guinea,2015 Combined,126696
Guinea,2020 Combined,121466
Guinea,2015 Males,74217
Guinea,2020 Males,71407
Guinea,2015 Females,52479
Guinea,2020 Females,50059
Guinea-Bissau,2015 Combined,22333
Guinea-Bissau,2020 Combined,17945
Guinea-Bissau,2015 Males,10826
Guinea-Bissau,2020 Males,8867
Guinea-Bissau,2015 Females,11507
Guinea-Bissau,2020 Females,9078
Guyana,2015 Combined,8661
Guyana,2020 Combined,31169
Guyana,2015 Males,4794
Guyana,2020 Males,14497
Guyana,2015 Females,3867
Guyana,2020 Females,16672
Haiti,2015 Combined,18047
Haiti,2020 Combined,18884
Haiti,2015 Males,10036
Haiti,2020 Males,10499
Haiti,2015 Females,8011
Haiti,2020 Females,8385
Holy See,2015 Combined,790
Holy See,2020 Combined,809
Holy See,2015 Males,376
Holy See,2020 Males,372
Holy See,2015 Females,414
Holy See,2020 Females,437
Honduras,2015 Combined,38330
Honduras,2020 Combined,39195
Honduras,2015 Males,20123
Honduras,2020 Males,20575
Honduras,2015 Females,18207
Honduras,2020 Females,18620
Hungary,2015 Combined,475512
Hungary,2020 Combined,584567
Hungary,2015 Males,235721
Hungary,2020 Males,303065
Hungary,2015 Females,239791
Hungary,2020 Females,281502
Iceland,2015 Combined,39072
Iceland,2020 Combined,65424
Iceland,2015 Males,19070
Iceland,2020 Males,35716
Iceland,2015 Females,20002
Iceland,2020 Females,29708
India,2015 Combined,5210847
India,2020 Combined,4878704
India,2015 Males,2474515
India,2020 Males,2273912
India,2015 Females,2736332
India,2020 Females,2604792
Indonesia,2015 Combined,338124
Indonesia,2020 Combined,355505
Indonesia,2015 Males,196717
Indonesia,2020 Males,206538
Indonesia,2015 Females,141407
Indonesia,2020 Females,148967
Iran (Islamic Republic of),2015 Combined,2729939
Iran (Islamic Republic of),2020 Combined,2797235
Iran (Islamic Republic of),2015 Males,1487403
Iran (Islamic Republic of),2020 Males,1517518
Iran (Islamic Republic of),2015 Females,1242536
Iran (Islamic Republic of),2020 Females,1279717
Iraq,2015 Combined,359352
Iraq,2020 Combined,365766
Iraq,2015 Males,209217
Iraq,2020 Males,201427
Iraq,2015 Females,150135
Iraq,2020 Females,164339
Ireland,2015 Combined,759256
Ireland,2020 Combined,871256
Ireland,2015 Males,376338
Ireland,2020 Males,434756
Ireland,2015 Females,382918
Ireland,2020 Females,436500
Isle of Man,2015 Combined,42238
Isle of Man,2020 Combined,43040
Isle of Man,2015 Males,20596
Isle of Man,2020 Males,20987
Isle of Man,2015 Females,21642
Isle of Man,2020 Females,22053
Israel,2015 Combined,2011727
Israel,2020 Combined,1953575
Israel,2015 Males,912899
Israel,2020 Males,886517
Israel,2015 Females,1098828
Israel,2020 Females,1067058
Italy,2015 Combined,5805345
Italy,2020 Combined,6387008
Italy,2015 Males,2637803
Italy,2020 Males,2965915
Italy,2015 Females,3167542
Italy,2020 Females,3421093
Jamaica,2015 Combined,23165
Jamaica,2020 Combined,23629
Jamaica,2015 Males,11765
Jamaica,2020 Males,12008
Jamaica,2015 Females,11400
Jamaica,2020 Females,11621
Japan,2015 Combined,2232189
Japan,2020 Combined,2770996
Japan,2015 Males,1050070
Japan,2020 Males,1347156
Japan,2015 Females,1182119
Japan,2020 Females,1423840
Jordan,2015 Combined,3166961
Jordan,2020 Combined,3457691
Jordan,2015 Males,1594808
Jordan,2020 Males,1756637
Jordan,2015 Females,1572153
Jordan,2020 Females,1701054
Kazakhstan,2015 Combined,3546060
Kazakhstan,2020 Combined,3732073
Kazakhstan,2015 Males,1757828
Kazakhstan,2020 Males,1850097
Kazakhstan,2015 Females,1788232
Kazakhstan,2020 Females,1881976
Kenya,2015 Combined,1126886
Kenya,2020 Combined,1050147
Kenya,2015 Males,562909
Kenya,2020 Males,529975
Kenya,2015 Females,563977
Kenya,2020 Females,520172
Kiribati,2015 Combined,4390
Kiribati,2020 Combined,4712
Kiribati,2015 Males,2279
Kiribati,2020 Males,2442
Kiribati,2015 Females,2111
Kiribati,2020 Females,2270
Kuwait,2015 Combined,2866136
Kuwait,2020 Combined,3110159
Kuwait,2015 Males,1901855
Kuwait,2020 Males,2063430
Kuwait,2015 Females,964281
Kuwait,2020 Females,1046729
Kyrgyzstan,2015 Combined,204382
Kyrgyzstan,2020 Combined,199011
Kyrgyzstan,2015 Males,82616
Kyrgyzstan,2020 Males,80456
Kyrgyzstan,2015 Females,121766
Kyrgyzstan,2020 Females,118555
Lao People's Democratic Republic,2015 Combined,45538
Lao People's Democratic Republic,2020 Combined,48731
Lao People's Democratic Republic,2015 Males,29335
Lao People's Democratic Republic,2020 Males,31393
Lao People's Democratic Republic,2015 Females,16203
Lao People's Democratic Republic,2020 Females,17338
Latvia,2015 Combined,265418
Latvia,2020 Combined,239422
Latvia,2015 Males,104011
Latvia,2020 Males,97022
Latvia,2015 Females,161407
Latvia,2020 Females,142400
Lebanon,2015 Combined,1916259
Lebanon,2020 Combined,1712762
Lebanon,2015 Males,921661
Lebanon,2020 Males,839706
Lebanon,2015 Females,994598
Lebanon,2020 Females,873056
Lesotho,2015 Combined,9152
Lesotho,2020 Combined,12060
Lesotho,2015 Males,5037
Lesotho,2020 Males,6537
Lesotho,2015 Females,4115
Lesotho,2020 Females,5523
Liberia,2015 Combined,112111
Liberia,2020 Combined,87947
Liberia,2015 Males,64079
Liberia,2020 Males,50694
Liberia,2015 Females,48032
Liberia,2020 Females,37253
Libya,2015 Combined,771146
Libya,2020 Combined,826537
Libya,2015 Males,549153
Libya,2020 Males,593797
Libya,2015 Females,221993
Libya,2020 Females,232740
Liechtenstein,2015 Combined,23799
Liechtenstein,2020 Combined,25877
Liechtenstein,2015 Males,11605
Liechtenstein,2020 Males,12619
Liechtenstein,2015 Females,12194
Liechtenstein,2020 Females,13258
Lithuania,2015 Combined,136021
Lithuania,2020 Combined,145184
Lithuania,2015 Males,57508
Lithuania,2020 Males,73148
Lithuania,2015 Females,78513
Lithuania,2020 Females,72036
Luxembourg,2015 Combined,248888
Luxembourg,2020 Combined,298062
Luxembourg,2015 Males,126129
Luxembourg,2020 Males,151653
Luxembourg,2015 Females,122759
Luxembourg,2020 Females,146409
Madagascar,2015 Combined,32075
Madagascar,2020 Combined,35563
Madagascar,2015 Males,18270
Madagascar,2020 Males,20262
Madagascar,2015 Females,13805
Madagascar,2020 Females,15301
Malawi,2015 Combined,197328
Malawi,2020 Combined,191362
Malawi,2015 Males,93689
Malawi,2020 Males,93612
Malawi,2015 Females,103639
Malawi,2020 Females,97750
Malaysia,2015 Combined,3280681
Malaysia,2020 Combined,3476560
Malaysia,2015 Males,1996220
Malaysia,2020 Males,2156265
Malaysia,2015 Females,1284461
Malaysia,2020 Females,1320295
Maldives,2015 Combined,64273
Maldives,2020 Combined,70079
Maldives,2015 Males,56345
Maldives,2020 Males,61437
Maldives,2015 Females,7928
Maldives,2020 Females,8642
Mali,2015 Combined,420504
Mali,2020 Combined,485829
Mali,2015 Males,213218
Mali,2020 Males,246308
Mali,2015 Females,207286
Mali,2020 Females,239521
Malta,2015 Combined,52642
Malta,2020 Combined,114760
Malta,2015 Males,28332
Malta,2020 Males,66055
Malta,2015 Females,24310
Malta,2020 Females,48705
Marshall Islands,2015 Combined,3801
Marshall Islands,2020 Combined,3819
Marshall Islands,2015 Males,2318
Marshall Islands,2020 Males,2330
Marshall Islands,2015 Females,1483
Marshall Islands,2020 Females,1489
Martinique,2015 Combined,69174
Martinique,2020 Combined,68624
Martinique,2015 Males,29432
Martinique,2020 Males,29199
Martinique,2015 Females,39742
Martinique,2020 Females,39425
Mauritania,2015 Combined,166552
Mauritania,2020 Combined,182286
Mauritania,2015 Males,94070
Mauritania,2020 Males,103203
Mauritania,2015 Females,72482
Mauritania,2020 Females,79083
Mauritius,2015 Combined,28585
Mauritius,2020 Combined,28893
Mauritius,2015 Males,15832
Mauritius,2020 Males,16003
Mauritius,2015 Females,12753
Mauritius,2020 Females,12890
Mayotte,2015 Combined,81386
Mayotte,2020 Combined,111540
Mayotte,2015 Males,37657
Mayotte,2020 Males,51609
Mayotte,2015 Females,43729
Mayotte,2020 Females,59931
Mexico,2015 Combined,1013691
Mexico,2020 Combined,1197624
Mexico,2015 Males,508232
Mexico,2020 Males,601509
Mexico,2015 Females,505459
Mexico,2020 Females,596115
Micronesia,2015 Combined,127096
Micronesia,2020 Combined,133067
Micronesia,2015 Males,64394
Micronesia,2020 Males,67310
Micronesia,2015 Females,62702
Micronesia,2020 Females,65757
Micronesia (Fed. States of),2015 Combined,3241
Micronesia (Fed. States of),2020 Combined,3322
Micronesia (Fed. States of),2015 Males,1736
Micronesia (Fed. States of),2020 Males,1784
Micronesia (Fed. States of),2015 Females,1505
Micronesia (Fed. States of),2020 Females,1538
Monaco,2015 Combined,25983
Monaco,2020 Combined,26601
Monaco,2015 Males,12599
Monaco,2020 Males,12897
Monaco,2015 Females,13384
Monaco,2020 Females,13704
Mongolia,2015 Combined,19886
Mongolia,2020 Combined,21345
Mongolia,2015 Males,13284
Mongolia,2020 Males,14263
Mongolia,2015 Females,6602
Mongolia,2020 Females,7082
Montenegro,2015 Combined,71719
Montenegro,2020 Combined,70999
Montenegro,2015 Males,28178
Montenegro,2020 Males,27995
Montenegro,2015 Females,43541
Montenegro,2020 Females,43004
Montserrat,2015 Combined,1351
Montserrat,2020 Combined,1379
Montserrat,2015 Males,696
Montserrat,2020 Males,711
Montserrat,2015 Females,655
Montserrat,2020 Females,668
Morocco,2015 Combined,92424
Morocco,2020 Combined,102358
Morocco,2015 Males,46387
Morocco,2020 Males,52707
Morocco,2015 Females,46037
Morocco,2020 Females,49651
Mozambique,2015 Combined,321794
Mozambique,2020 Combined,338850
Mozambique,2015 Males,155510
Mozambique,2020 Males,165490
Mozambique,2015 Females,166284
Mozambique,2020 Females,173360
Myanmar,2015 Combined,73309
Myanmar,2020 Combined,76446
Myanmar,2015 Males,40178
Myanmar,2020 Males,41898
Myanmar,2015 Females,33131
Myanmar,2020 Females,34548
Namibia,2015 Combined,101618
Namibia,2020 Combined,109391
Namibia,2015 Males,54739
Namibia,2020 Males,59024
Namibia,2015 Females,46879
Namibia,2020 Females,50367
Nauru,2015 Combined,2042
Nauru,2020 Combined,2442
Nauru,2015 Males,1141
Nauru,2020 Males,1423
Nauru,2015 Females,901
Nauru,2020 Females,1019
Nepal,2015 Combined,509471
Nepal,2020 Combined,487564
Nepal,2015 Males,156361
Nepal,2020 Males,146930
Nepal,2015 Females,353110
Nepal,2020 Females,340634
Netherlands,2015 Combined,1996326
Netherlands,2020 Combined,2358338
Netherlands,2015 Males,952319
Netherlands,2020 Males,1134408
Netherlands,2015 Females,1044007
Netherlands,2020 Females,1223930
New Caledonia,2015 Combined,68881
New Caledonia,2020 Combined,73141
New Caledonia,2015 Males,36181
New Caledonia,2020 Males,38284
New Caledonia,2015 Females,32700
New Caledonia,2020 Females,34857
New Zealand,2015 Combined,1041269
New Zealand,2020 Combined,1384031
New Zealand,2015 Males,503529
New Zealand,2020 Males,669281
New Zealand,2015 Females,537740
New Zealand,2020 Females,714750
Nicaragua,2015 Combined,40261
Nicaragua,2020 Combined,42167
Nicaragua,2015 Males,20723
Nicaragua,2020 Males,21683
Nicaragua,2015 Females,19538
Nicaragua,2020 Females,20484
Niger,2015 Combined,252998
Niger,2020 Combined,348056
Niger,2015 Males,119915
Niger,2020 Males,162019
Niger,2015 Females,133083
Niger,2020 Females,186037
Nigeria,2015 Combined,1199115
Nigeria,2020 Combined,1308568
Nigeria,2015 Males,657887
Nigeria,2020 Males,713678
Nigeria,2015 Females,541228
Nigeria,2020 Females,594890
Niue,2015 Combined,588
Niue,2020 Combined,588
Niue,2015 Males,319
Niue,2020 Males,319
Niue,2015 Females,269
Niue,2020 Females,269
North Macedonia,2015 Combined,130730
North Macedonia,2020 Combined,131311
North Macedonia,2015 Males,54496
North Macedonia,2020 Males,54740
North Macedonia,2015 Females,76234
North Macedonia,2020 Females,76571
Northern Mariana Islands,2015 Combined,24099
Northern Mariana Islands,2020 Combined,24311
Northern Mariana Islands,2015 Males,10112
Northern Mariana Islands,2020 Males,10205
Northern Mariana Islands,2015 Females,13987
Northern Mariana Islands,2020 Females,14106
Norway,2015 Combined,746380
Norway,2020 Combined,852241
Norway,2015 Males,389373
Norway,2020 Males,439207
Norway,2015 Females,357007
Norway,2020 Females,413034
Oman,2015 Combined,1856226
Oman,2020 Combined,2372836
Oman,2015 Males,1552000
Oman,2020 Males,1984025
Oman,2015 Females,304226
Oman,2020 Females,388811
Pakistan,2015 Combined,3506520
Pakistan,2020 Combined,3276580
Pakistan,2015 Males,1845470
Pakistan,2020 Males,1812804
Pakistan,2015 Females,1661050
Pakistan,2020 Females,1463776
Palau,2015 Combined,5813
Palau,2020 Combined,5987
Palau,2015 Males,3425
Palau,2020 Males,3286
Palau,2015 Females,2388
Palau,2020 Females,2701
Panama,2015 Combined,184710
Panama,2020 Combined,313165
Panama,2015 Males,94841
Panama,2020 Males,167057
Panama,2015 Females,89869
Panama,2020 Females,146108
Papua New Guinea,2015 Combined,30940
Papua New Guinea,2020 Combined,31068
Papua New Guinea,2015 Males,18734
Papua New Guinea,2020 Males,18895
Papua New Guinea,2015 Females,12206
Papua New Guinea,2020 Females,12173
Paraguay,2015 Combined,156462
Paraguay,2020 Combined,169567
Paraguay,2015 Males,81303
Paraguay,2020 Males,88311
Paraguay,2015 Females,75159
Paraguay,2020 Females,81256
Peru,2015 Combined,154774
Peru,2020 Combined,1224519
Peru,2015 Males,91090
Peru,2020 Males,642404
Peru,2015 Females,63684
Peru,2020 Females,582115
Philippines,2015 Combined,212904
Philippines,2020 Combined,226631
Philippines,2015 Males,110249
Philippines,2020 Males,117603
Philippines,2015 Females,102655
Philippines,2020 Females,109028
Poland,2015 Combined,611855
Poland,2020 Combined,817254
Poland,2015 Males,256623
Poland,2020 Males,390449
Poland,2015 Females,355232
Poland,2020 Females,426805
Portugal,2015 Combined,864814
Portugal,2020 Combined,1001963
Portugal,2015 Males,398390
Portugal,2020 Males,479936
Portugal,2015 Females,466424
Portugal,2020 Females,522027
Puerto Rico,2015 Combined,280494
Puerto Rico,2020 Combined,247132
Puerto Rico,2015 Males,130916
Puerto Rico,2020 Males,114868
Puerto Rico,2015 Females,149578
Puerto Rico,2020 Females,132264
Qatar,2015 Combined,1687640
Qatar,2020 Combined,2226192
Qatar,2015 Males,1416361
Qatar,2020 Males,1842785
Qatar,2015 Females,271279
Qatar,2020 Females,383407
Republic of Korea,2015 Combined,1370905
Republic of Korea,2020 Combined,1728182
Republic of Korea,2015 Males,760957
Republic of Korea,2020 Males,958365
Republic of Korea,2015 Females,609948
Republic of Korea,2020 Females,769817
Republic of Moldova,2015 Combined,106374
Republic of Moldova,2020 Combined,104438
Republic of Moldova,2015 Males,43467
Republic of Moldova,2020 Males,42743
Republic of Moldova,2015 Females,62907
Republic of Moldova,2020 Females,61695
Romania,2015 Combined,281048
Romania,2020 Combined,705310
Romania,2015 Males,146758
Romania,2020 Males,386946
Romania,2015 Females,134290
Romania,2020 Females,318364
Russian Federation,2015 Combined,11643326
Russian Federation,2020 Combined,11636959
Russian Federation,2015 Males,5715232
Russian Federation,2020 Males,5712110
Russian Federation,2015 Females,5928094
Russian Federation,2020 Females,5924849
Rwanda,2015 Combined,514647
Rwanda,2020 Combined,513907
Rwanda,2015 Males,256327
Rwanda,2020 Males,259907
Rwanda,2015 Females,258320
Rwanda,2020 Females,254000
Réunion,2015 Combined,127209
Réunion,2020 Combined,131769
Réunion,2015 Males,64537
Réunion,2020 Males,66852
Réunion,2015 Females,62672
Réunion,2020 Females,64917
Saint Barthélemy,2015 Combined,0
Saint Barthélemy,2020 Combined,0
Saint Barthélemy,2015 Males,0
Saint Barthélemy,2020 Males,0
Saint Barthélemy,2015 Females,0
Saint Barthélemy,2020 Females,0
Saint Helena,2015 Combined,377
Saint Helena,2020 Combined,437
Saint Helena,2015 Males,251
Saint Helena,2020 Males,306
Saint Helena,2015 Females,126
Saint Helena,2020 Females,131
Saint Kitts and Nevis,2015 Combined,7443
Saint Kitts and Nevis,2020 Combined,7725
Saint Kitts and Nevis,2015 Males,3916
Saint Kitts and Nevis,2020 Males,4066
Saint Kitts and Nevis,2015 Females,3527
Saint Kitts and Nevis,2020 Females,3659
Saint Lucia,2015 Combined,8673
Saint Lucia,2020 Combined,8338
Saint Lucia,2015 Males,4179
Saint Lucia,2020 Males,4004
Saint Lucia,2015 Females,4494
Saint Lucia,2020 Females,4334
Saint Martin (French part),2015 Combined,0
Saint Martin (French part),2020 Combined,0
Saint Martin (French part),2015 Males,0
Saint Martin (French part),2020 Males,0
Saint Martin (French part),2015 Females,0
Saint Martin (French part),2020 Females,0
Saint Pierre and Miquelon,2015 Combined,986
Saint Pierre and Miquelon,2020 Combined,998
Saint Pierre and Miquelon,2015 Males,516
Saint Pierre and Miquelon,2020 Males,523
Saint Pierre and Miquelon,2015 Females,470
Saint Pierre and Miquelon,2020 Females,475
Saint Vincent and the Grenadines,2015 Combined,4637
Saint Vincent and the Grenadines,2020 Combined,4738
Saint Vincent and the Grenadines,2015 Males,2355
Saint Vincent and the Grenadines,2020 Males,2443
Saint Vincent and the Grenadines,2015 Females,2282
Saint Vincent and the Grenadines,2020 Females,2295
Samoa,2015 Combined,4273
Samoa,2020 Combined,4035
Samoa,2015 Males,2156
Samoa,2020 Males,2036
Samoa,2015 Females,2117
Samoa,2020 Females,1999
San Marino,2015 Combined,5195
San Marino,2020 Combined,5543
San Marino,2015 Males,2867
San Marino,2020 Males,2991
San Marino,2015 Females,2328
San Marino,2020 Females,2552
Sao Tome and Principe,2015 Combined,2394
Sao Tome and Principe,2020 Combined,2139
Sao Tome and Principe,2015 Males,1197
Sao Tome and Principe,2020 Males,1067
Sao Tome and Principe,2015 Females,1197
Sao Tome and Principe,2020 Females,1072
Saudi Arabia,2015 Combined,10771366
Saudi Arabia,2020 Combined,13454842
Saudi Arabia,2015 Males,7461502
Saudi Arabia,2020 Males,9235130
Saudi Arabia,2015 Females,3309864
Saudi Arabia,2020 Females,4219712
Senegal,2015 Combined,266496
Senegal,2020 Combined,274929
Senegal,2015 Males,141402
Senegal,2020 Males,145591
Senegal,2015 Females,125094
Senegal,2020 Females,129338
Serbia,2015 Combined,807441
Serbia,2020 Combined,823011
Serbia,2015 Males,355180
Serbia,2020 Males,362493
Serbia,2015 Females,452261
Serbia,2020 Females,460518
Seychelles,2015 Combined,12791
Seychelles,2020 Combined,13050
Seychelles,2015 Males,8954
Seychelles,2020 Males,9136
Seychelles,2015 Females,3837
Seychelles,2020 Females,3914
Sierra Leone,2015 Combined,58830
Sierra Leone,2020 Combined,53746
Sierra Leone,2015 Males,33077
Sierra Leone,2020 Males,30408
Sierra Leone,2015 Females,25753
Sierra Leone,2020 Females,23338
Singapore,2015 Combined,2483405
Singapore,2020 Combined,2523648
Singapore,2015 Males,1096394
Singapore,2020 Males,1112517
Singapore,2015 Females,1387011
Singapore,2020 Females,1411131
Sint Maarten (Dutch part),2015 Combined,27295
Sint Maarten (Dutch part),2020 Combined,28845
Sint Maarten (Dutch part),2015 Males,13077
Sint Maarten (Dutch part),2020 Males,13822
Sint Maarten (Dutch part),2015 Females,14218
Sint Maarten (Dutch part),2020 Females,15023
Slovakia,2015 Combined,177632
Slovakia,2020 Combined,197167
Slovakia,2015 Males,89014
Slovakia,2020 Males,100552
Slovakia,2015 Females,88618
Slovakia,2020 Females,96615
Slovenia,2015 Combined,237616
Slovenia,2020 Combined,277964
Slovenia,2015 Males,134460
Slovenia,2020 Males,162815
Slovenia,2015 Females,103156
Slovenia,2020 Females,115149
Solomon Islands,2015 Combined,2850
Solomon Islands,2020 Combined,2778
Solomon Islands,2015 Males,1600
Solomon Islands,2020 Males,1562
Solomon Islands,2015 Females,1250
Solomon Islands,2020 Females,1216
Somalia,2015 Combined,40990
Somalia,2020 Combined,58590
Somalia,2015 Males,21584
Somalia,2020 Males,32285
Somalia,2015 Females,19406
Somalia,2020 Females,26305
South Africa,2015 Combined,3231774
South Africa,2020 Combined,2860548
South Africa,2015 Males,1770945
South Africa,2020 Males,1627332
South Africa,2015 Females,1460829
South Africa,2020 Females,1233216
South America,2015 Combined,5819345
South America,2020 Combined,10647966
South America,2015 Males,2875049
South America,2020 Males,5325059
South America,2015 Females,2944296
South America,2020 Females,5322907
South Sudan,2015 Combined,844112
South Sudan,2020 Combined,882252
South Sudan,2015 Males,430944
South Sudan,2020 Males,443405
South Sudan,2015 Females,413168
South Sudan,2020 Females,438847
Spain,2015 Combined,5891327
Spain,2020 Combined,6842360
Spain,2015 Males,2884053
Spain,2020 Males,3272841
Spain,2015 Females,3007274
Spain,2020 Females,3569519
Sri Lanka,2015 Combined,39706
Sri Lanka,2020 Combined,40254
Sri Lanka,2015 Males,20745
Sri Lanka,2020 Males,21196
Sri Lanka,2015 Females,18961
Sri Lanka,2020 Females,19058
State of Palestine,2015 Combined,273163
State of Palestine,2020 Combined,272784
State of Palestine,2015 Males,124710
State of Palestine,2020 Males,124737
State of Palestine,2015 Females,148453
State of Palestine,2020 Females,148047
Sudan,2015 Combined,620523
Sudan,2020 Combined,1379147
Sudan,2015 Males,311885
Sudan,2020 Males,685177
Sudan,2015 Females,308638
Sudan,2020 Females,693970
Suriname,2015 Combined,43127
Suriname,2020 Combined,47801
Suriname,2015 Males,23544
Suriname,2020 Males,26271
Suriname,2015 Females,19583
Suriname,2020 Females,21530
Sweden,2015 Combined,1602533
Sweden,2020 Combined,2003919
Sweden,2015 Males,786876
Sweden,2020 Males,1008010
Sweden,2015 Females,815657
Sweden,2020 Females,995909
Switzerland,2015 Combined,2258227
Switzerland,2020 Combined,2491266
Switzerland,2015 Males,1103429
Switzerland,2020 Males,1222207
Switzerland,2015 Females,1154798
Switzerland,2020 Females,1269059
Syrian Arab Republic,2015 Combined,835716
Syrian Arab Republic,2020 Combined,868711
Syrian Arab Republic,2015 Males,426967
Syrian Arab Republic,2020 Males,432279
Syrian Arab Republic,2015 Females,408749
Syrian Arab Republic,2020 Females,436432
Tajikistan,2015 Combined,275101
Tajikistan,2020 Combined,276031
Tajikistan,2015 Males,118639
Tajikistan,2020 Males,119174
Tajikistan,2015 Females,156462
Tajikistan,2020 Females,156857
Thailand,2015 Combined,3470220
Thailand,2020 Combined,3632496
Thailand,2015 Males,1742708
Thailand,2020 Males,1821857
Thailand,2015 Females,1727512
Thailand,2020 Females,1810639
Timor-Leste,2015 Combined,8520
Timor-Leste,2020 Combined,8399
Timor-Leste,2015 Males,5148
Timor-Leste,2020 Males,5076
Timor-Leste,2015 Females,3372
Timor-Leste,2020 Females,3323
Togo,2015 Combined,277384
Togo,2020 Combined,279936
Togo,2015 Males,139540
Togo,2020 Males,141807
Togo,2015 Females,137844
Togo,2020 Females,138129
Tokelau,2015 Combined,1185
Tokelau,2020 Combined,1238
Tokelau,2015 Males,564
Tokelau,2020 Males,586
Tokelau,2015 Females,621
Tokelau,2020 Females,652
Tonga,2015 Combined,3954
Tonga,2020 Combined,3742
Tonga,2015 Males,2158
Tonga,2020 Males,2044
Tonga,2015 Females,1796
Tonga,2020 Females,1698
Trinidad and Tobago,2015 Combined,50021
Trinidad and Tobago,2020 Combined,78849
Trinidad and Tobago,2015 Males,24464
Trinidad and Tobago,2020 Males,39179
Trinidad and Tobago,2015 Females,25557
Trinidad and Tobago,2020 Females,39670
Tunisia,2015 Combined,56532
Tunisia,2020 Combined,60145
Tunisia,2015 Males,29253
Tunisia,2020 Males,31474
Tunisia,2015 Females,27279
Tunisia,2020 Females,28671
Turkey,2015 Combined,4346197
Turkey,2020 Combined,6052652
Turkey,2015 Males,2390166
Turkey,2020 Males,3124165
Turkey,2015 Females,1956031
Turkey,2020 Females,2928487
Turkmenistan,2015 Combined,196376
Turkmenistan,2020 Combined,194920
Turkmenistan,2015 Males,91531
Turkmenistan,2020 Males,92357
Turkmenistan,2015 Females,104845
Turkmenistan,2020 Females,102563
Turks and Caicos Islands,2015 Combined,22723
Turks and Caicos Islands,2020 Combined,25748
Turks and Caicos Islands,2015 Males,11759
Turks and Caicos Islands,2020 Males,13325
Turks and Caicos Islands,2015 Females,10964
Turks and Caicos Islands,2020 Females,12423
Tuvalu,2015 Combined,297
Tuvalu,2020 Combined,306
Tuvalu,2015 Males,144
Tuvalu,2020 Males,146
Tuvalu,2015 Females,153
Tuvalu,2020 Females,160
Uganda,2015 Combined,851175
Uganda,2020 Combined,1720313
Uganda,2015 Males,415845
Uganda,2020 Males,827664
Uganda,2015 Females,435330
Uganda,2020 Females,892649
Ukraine,2015 Combined,4915142
Ukraine,2020 Combined,4997387
Ukraine,2015 Males,2113924
Ukraine,2020 Males,2149298
Ukraine,2015 Females,2801218
Ukraine,2020 Females,2848089
United Arab Emirates,2015 Combined,7995126
United Arab Emirates,2020 Combined,8716332
United Arab Emirates,2015 Males,5890170
United Arab Emirates,2020 Males,6419792
United Arab Emirates,2015 Females,2104956
United Arab Emirates,2020 Females,2296540
United Kingdom,2015 Combined,8407213
United Kingdom,2020 Combined,9359827
United Kingdom,2015 Males,4021343
United Kingdom,2020 Males,4464520
United Kingdom,2015 Females,4385870
United Kingdom,2020 Females,4895307
United Republic of Tanzania,2015 Combined,384567
United Republic of Tanzania,2020 Combined,426017
United Republic of Tanzania,2015 Males,190617
United Republic of Tanzania,2020 Males,213007
United Republic of Tanzania,2015 Females,193950
United Republic of Tanzania,2020 Females,213010
United States Virgin Islands,2015 Combined,56721
United States Virgin Islands,2020 Combined,56753
United States Virgin Islands,2015 Males,26728
United States Virgin Islands,2020 Males,26744
United States Virgin Islands,2015 Females,29993
United States Virgin Islands,2020 Females,30009
United States of America,2015 Combined,48194129
United States of America,2020 Combined,50654995
United States of America,2015 Males,23454382
United States of America,2020 Males,24489787
United States of America,2015 Females,24739747
United States of America,2020 Females,26165208
Uruguay,2015 Combined,78799
Uruguay,2020 Combined,108267
Uruguay,2015 Males,35642
Uruguay,2020 Males,50937
Uruguay,2015 Females,43157
Uruguay,2020 Females,57330
Uzbekistan,2015 Combined,1170873
Uzbekistan,2020 Combined,1162007
Uzbekistan,2015 Males,545721
Uzbekistan,2020 Males,543364
Uzbekistan,2015 Females,625152
Uzbekistan,2020 Females,618643
Vanuatu,2015 Combined,3186
Vanuatu,2020 Combined,3257
Vanuatu,2015 Males,1583
Vanuatu,2020 Males,1619
Vanuatu,2015 Females,1603
Vanuatu,2020 Females,1638
Venezuela (Bolivarian Republic of),2015 Combined,1404448
Venezuela (Bolivarian Republic of),2020 Combined,1324193
Venezuela (Bolivarian Republic of),2015 Males,703458
Venezuela (Bolivarian Republic of),2020 Males,652823
Venezuela (Bolivarian Republic of),2015 Females,700990
Venezuela (Bolivarian Republic of),2020 Females,671370
Viet Nam,2015 Combined,72793
Viet Nam,2020 Combined,76767
Viet Nam,2015 Males,42168
Viet Nam,2020 Males,44471
Viet Nam,2015 Females,30625
Viet Nam,2020 Females,32296
Wallis and Futuna Islands,2015 Combined,2050
Wallis and Futuna Islands,2020 Combined,2040
Wallis and Futuna Islands,2015 Males,1035
Wallis and Futuna Islands,2020 Males,1030
Wallis and Futuna Islands,2015 Females,1015
Wallis and Futuna Islands,2020 Females,1010
Western Sahara,2015 Combined,5179
Western Sahara,2020 Combined,5424
Western Sahara,2015 Males,3059
Western Sahara,2020 Males,3205
Western Sahara,2015 Females,2120
Western Sahara,2020 Females,2219
Yemen,2015 Combined,379882
Yemen,2020 Combined,387113
Yemen,2015 Males,199390
Yemen,2020 Males,223512
Yemen,2015 Females,180492
Yemen,2020 Females,163601
Zambia,2015 Combined,132107
Zambia,2020 Combined,187955
Zambia,2015 Males,66651
Zambia,2020 Males,97556
Zambia,2015 Females,65456
Zambia,2020 Females,90399
Zimbabwe,2015 Combined,400482
Zimbabwe,2020 Combined,416141
Zimbabwe,2015 Males,225653
Zimbabwe,2020 Males,236561
Zimbabwe,2015 Females,174829
Zimbabwe,2020 Females,179580
