Destination,Year,Migrating from the country
Afghanistan,2015 Combined,5401107
Afghanistan,2020 Combined,5854088
Afghanistan,2015 Males,2903020
Afghanistan,2020 Males,3226466
Afghanistan,2015 Females,2498087
Afghanistan,2020 Females,2627622
Albania,2015 Combined,1143002
Albania,2020 Combined,1250608
Albania,2015 Males,576306
Albania,2020 Males,642717
Albania,2015 Females,566696
Albania,2020 Females,607891
Algeria,2015 Combined,1837346
Algeria,2020 Combined,2023250
Algeria,2015 Males,986073
Algeria,2020 Males,1086178
Algeria,2015 Females,851273
Algeria,2020 Females,937072
American Samoa,2015 Combined,1984
American Samoa,2020 Combined,1854
American Samoa,2015 Males,1004
American Samoa,2020 Males,936
American Samoa,2015 Females,980
American Samoa,2020 Females,918
Andorra,2015 Combined,8753
Andorra,2020 Combined,11146
Andorra,2015 Males,4213
Andorra,2020 Males,5316
Andorra,2015 Females,4540
Andorra,2020 Females,5830
Angola,2015 Combined,626082
Angola,2020 Combined,676510
Angola,2015 Males,309894
Angola,2020 Males,338789
Angola,2015 Females,316188
Angola,2020 Females,337721
Anguilla,2015 Combined,2553
Anguilla,2020 Combined,2505
Anguilla,2015 Males,1350
Anguilla,2020 Males,1293
Anguilla,2015 Females,1203
Anguilla,2020 Females,1212
Antigua and Barbuda,2015 Combined,52198
Antigua and Barbuda,2020 Combined,66570
Antigua and Barbuda,2015 Males,23796
Antigua and Barbuda,2020 Males,29952
Antigua and Barbuda,2015 Females,28402
Antigua and Barbuda,2020 Females,36618
Argentina,2015 Combined,1195811
Argentina,2020 Combined,1382390
Argentina,2015 Males,593606
Argentina,2020 Males,683978
Argentina,2015 Females,602205
Argentina,2020 Females,698412
Armenia,2015 Combined,945220
Armenia,2020 Combined,958894
Armenia,2015 Males,507525
Armenia,2020 Males,513828
Armenia,2015 Females,437695
Armenia,2020 Females,445066
Aruba,2015 Combined,17111
Aruba,2020 Combined,21916
Aruba,2015 Males,7458
Aruba,2020 Males,9511
Aruba,2015 Females,9653
Aruba,2020 Females,12405
Australia,2015 Combined,520635
Australia,2020 Combined,601867
Australia,2015 Males,249637
Australia,2020 Males,289024
Australia,2015 Females,270998
Australia,2020 Females,312843
Austria,2015 Combined,520723
Austria,2020 Combined,606635
Austria,2015 Males,236460
Austria,2020 Males,284189
Austria,2015 Females,284263
Austria,2020 Females,322446
Azerbaijan,2015 Combined,1130350
Azerbaijan,2020 Combined,1163923
Azerbaijan,2015 Males,606730
Azerbaijan,2020 Males,623400
Azerbaijan,2015 Females,523620
Azerbaijan,2020 Females,540523
Bahamas,2015 Combined,43039
Bahamas,2020 Combined,53870
Bahamas,2015 Males,18153
Bahamas,2020 Males,22372
Bahamas,2015 Females,24886
Bahamas,2020 Females,31498
Bahrain,2015 Combined,56764
Bahrain,2020 Combined,58314
Bahrain,2015 Males,29861
Bahrain,2020 Males,23811
Bahrain,2015 Females,26903
Bahrain,2020 Females,34503
Bangladesh,2015 Combined,6831734
Bangladesh,2020 Combined,7407548
Bangladesh,2015 Males,4506104
Bangladesh,2020 Males,4977697
Bangladesh,2015 Females,2325630
Bangladesh,2020 Females,2429851
Barbados,2015 Combined,102076
Barbados,2020 Combined,99815
Barbados,2015 Males,47250
Barbados,2020 Males,46009
Barbados,2015 Females,54826
Barbados,2020 Females,53806
Belarus,2015 Combined,1470202
Belarus,2020 Combined,1483948
Belarus,2015 Males,623823
Belarus,2020 Males,630175
Belarus,2015 Females,846379
Belarus,2020 Females,853773
Belgium,2015 Combined,520753
Belgium,2020 Combined,583215
Belgium,2015 Males,246915
Belgium,2020 Males,280238
Belgium,2015 Females,273838
Belgium,2020 Females,302977
Belize,2015 Combined,64037
Belize,2020 Combined,53792
Belize,2015 Males,27082
Belize,2020 Males,22614
Belize,2015 Females,36955
Belize,2020 Females,31178
Benin,2015 Combined,634956
Benin,2020 Combined,681860
Benin,2015 Males,341158
Benin,2020 Males,365360
Benin,2015 Females,293798
Benin,2020 Females,316500
Bermuda,2015 Combined,16225
Bermuda,2020 Combined,21107
Bermuda,2015 Males,8007
Bermuda,2020 Males,10312
Bermuda,2015 Females,8218
Bermuda,2020 Females,10795
Bhutan,2015 Combined,51391
Bhutan,2020 Combined,51998
Bhutan,2015 Males,26218
Bhutan,2020 Males,26295
Bhutan,2015 Females,25173
Bhutan,2020 Females,25703
Bolivia (Plurinational State of),2015 Combined,1363893
Bolivia (Plurinational State of),2020 Combined,1562287
Bolivia (Plurinational State of),2015 Males,660483
Bolivia (Plurinational State of),2020 Males,747284
Bolivia (Plurinational State of),2015 Females,703410
Bolivia (Plurinational State of),2020 Females,815003
"Bonaire, Sint Eustatius and Saba",2015 Combined,7367
"Bonaire, Sint Eustatius and Saba",2020 Combined,8216
"Bonaire, Sint Eustatius and Saba",2015 Males,3281
"Bonaire, Sint Eustatius and Saba",2020 Males,3690
"Bonaire, Sint Eustatius and Saba",2015 Females,4086
"Bonaire, Sint Eustatius and Saba",2020 Females,4526
Bosnia and Herzegovina,2015 Combined,1593546
Bosnia and Herzegovina,2020 Combined,1687757
Bosnia and Herzegovina,2015 Males,763207
Bosnia and Herzegovina,2020 Males,820793
Bosnia and Herzegovina,2015 Females,830339
Bosnia and Herzegovina,2020 Females,866964
Botswana,2015 Combined,55294
Botswana,2020 Combined,63561
Botswana,2015 Males,32477
Botswana,2020 Males,39730
Botswana,2015 Females,22817
Botswana,2020 Females,23831
Brazil,2015 Combined,1730213
Brazil,2020 Combined,2150824
Brazil,2015 Males,749319
Brazil,2020 Males,928352
Brazil,2015 Females,980894
Brazil,2020 Females,1222472
British Virgin Islands,2015 Combined,5118
British Virgin Islands,2020 Combined,5355
British Virgin Islands,2015 Males,2245
British Virgin Islands,2020 Males,2343
British Virgin Islands,2015 Females,2873
British Virgin Islands,2020 Females,3012
Brunei Darussalam,2015 Combined,45278
Brunei Darussalam,2020 Combined,45521
Brunei Darussalam,2015 Males,26012
Brunei Darussalam,2020 Males,25843
Brunei Darussalam,2015 Females,19266
Brunei Darussalam,2020 Females,19678
Bulgaria,2015 Combined,1180629
Bulgaria,2020 Combined,1684159
Bulgaria,2015 Males,497229
Bulgaria,2020 Males,693430
Bulgaria,2015 Females,683400
Bulgaria,2020 Females,990729
Burkina Faso,2015 Combined,1518609
Burkina Faso,2020 Combined,1599389
Burkina Faso,2015 Males,848856
Burkina Faso,2020 Males,894354
Burkina Faso,2015 Females,669753
Burkina Faso,2020 Females,705035
Burundi,2015 Combined,460004
Burundi,2020 Combined,551132
Burundi,2015 Males,227751
Burundi,2020 Males,274940
Burundi,2015 Females,232253
Burundi,2020 Females,276192
Cabo Verde,2015 Combined,172979
Cabo Verde,2020 Combined,189239
Cabo Verde,2015 Males,77361
Cabo Verde,2020 Males,85782
Cabo Verde,2015 Females,95618
Cabo Verde,2020 Females,103457
Cambodia,2015 Combined,1074625
Cambodia,2020 Combined,1104874
Cambodia,2015 Males,505749
Cambodia,2020 Males,513037
Cambodia,2015 Females,568876
Cambodia,2020 Females,591837
Cameroon,2015 Combined,349195
Cameroon,2020 Combined,441249
Cameroon,2015 Males,172006
Cameroon,2020 Males,219528
Cameroon,2015 Females,177189
Cameroon,2020 Females,221721
Canada,2015 Combined,1278025
Canada,2020 Combined,1310438
Canada,2015 Males,487597
Canada,2020 Males,510029
Canada,2015 Females,790428
Canada,2020 Females,800409
Cayman Islands,2015 Combined,1709
Cayman Islands,2020 Combined,1908
Cayman Islands,2015 Males,796
Cayman Islands,2020 Males,863
Cayman Islands,2015 Females,913
Cayman Islands,2020 Females,1045
Central African Republic,2015 Combined,686303
Central African Republic,2020 Combined,816752
Central African Republic,2015 Males,348130
Central African Republic,2020 Males,409545
Central African Republic,2015 Females,338173
Central African Republic,2020 Females,407207
Chad,2015 Combined,191269
Chad,2020 Combined,222303
Chad,2015 Males,104493
Chad,2020 Males,119894
Chad,2015 Females,86776
Chad,2020 Females,102409
Channel Islands,2015 Combined,16469
Channel Islands,2020 Combined,17158
Channel Islands,2015 Males,8292
Channel Islands,2020 Males,8836
Channel Islands,2015 Females,8177
Channel Islands,2020 Females,8322
Chile,2015 Combined,896925
Chile,2020 Combined,936522
Chile,2015 Males,425559
Chile,2020 Males,449429
Chile,2015 Females,471366
Chile,2020 Females,487093
China,2015 Combined,10337633
China,2020 Combined,10581696
China,2015 Males,4826183
China,2020 Males,4841601
China,2015 Females,5511450
China,2020 Females,5740095
"China, Hong Kong SAR",2015 Combined,957987
"China, Hong Kong SAR",2020 Combined,1008454
"China, Hong Kong SAR",2015 Males,491402
"China, Hong Kong SAR",2020 Males,516498
"China, Hong Kong SAR",2015 Females,466585
"China, Hong Kong SAR",2020 Females,491956
"China, Macao SAR",2015 Combined,133296
"China, Macao SAR",2020 Combined,145192
"China, Macao SAR",2015 Males,60363
"China, Macao SAR",2020 Males,64597
"China, Macao SAR",2015 Females,72933
"China, Macao SAR",2020 Females,80595
"China, Taiwan Province of China",2015 Combined,0
"China, Taiwan Province of China",2020 Combined,0
"China, Taiwan Province of China",2015 Males,0
"China, Taiwan Province of China",2020 Males,0
"China, Taiwan Province of China",2015 Females,0
"China, Taiwan Province of China",2020 Females,0
Colombia,2015 Combined,3967537
Colombia,2020 Combined,4353889
Colombia,2015 Males,1850822
Colombia,2020 Males,2023498
Colombia,2015 Females,2116715
Colombia,2020 Females,2330391
Comoros,2015 Combined,121749
Comoros,2020 Combined,150823
Comoros,2015 Males,59176
Comoros,2020 Males,73002
Comoros,2015 Females,62573
Comoros,2020 Females,77821
Congo,2015 Combined,204973
Congo,2020 Combined,223914
Congo,2015 Males,102397
Congo,2020 Males,113568
Congo,2015 Females,102576
Congo,2020 Females,110346
Cook Islands,2015 Combined,21555
Cook Islands,2020 Combined,21106
Cook Islands,2015 Males,10691
Cook Islands,2020 Males,10453
Cook Islands,2015 Females,10864
Cook Islands,2020 Females,10653
Costa Rica,2015 Combined,142809
Costa Rica,2020 Combined,155571
Costa Rica,2015 Males,61328
Costa Rica,2020 Males,66816
Costa Rica,2015 Females,81481
Costa Rica,2020 Females,88755
Croatia,2015 Combined,808519
Croatia,2020 Combined,1041926
Croatia,2015 Males,376889
Croatia,2020 Males,496766
Croatia,2015 Females,431630
Croatia,2020 Females,545160
Cuba,2015 Combined,1530665
Cuba,2020 Combined,1818717
Cuba,2015 Males,715717
Cuba,2020 Males,857485
Cuba,2015 Females,814948
Cuba,2020 Females,961232
Curaçao,2015 Combined,7125
Curaçao,2020 Combined,8473
Curaçao,2015 Males,3562
Curaçao,2020 Males,4206
Curaçao,2015 Females,3563
Curaçao,2020 Females,4267
Cyprus,2015 Combined,166650
Cyprus,2020 Combined,173271
Cyprus,2015 Males,79139
Cyprus,2020 Males,83043
Cyprus,2015 Females,87511
Cyprus,2020 Females,90228
Czechia,2015 Combined,822926
Czechia,2020 Combined,1029391
Czechia,2015 Males,354777
Czechia,2020 Males,437819
Czechia,2015 Females,468149
Czechia,2020 Females,591572
Côte d'Ivoire,2015 Combined,1056773
Côte d'Ivoire,2020 Combined,1149723
Côte d'Ivoire,2015 Males,521196
Côte d'Ivoire,2020 Males,571531
Côte d'Ivoire,2015 Females,535577
Côte d'Ivoire,2020 Females,578192
Dem. People's Republic of Korea,2015 Combined,104711
Dem. People's Republic of Korea,2020 Combined,111294
Dem. People's Republic of Korea,2015 Males,55389
Dem. People's Republic of Korea,2020 Males,58712
Dem. People's Republic of Korea,2015 Females,49322
Dem. People's Republic of Korea,2020 Females,52582
Democratic Republic of the Congo,2015 Combined,1574219
Democratic Republic of the Congo,2020 Combined,1836447
Democratic Republic of the Congo,2015 Males,779731
Democratic Republic of the Congo,2020 Males,919417
Democratic Republic of the Congo,2015 Females,794488
Democratic Republic of the Congo,2020 Females,917030
Denmark,2015 Combined,238337
Denmark,2020 Combined,258801
Denmark,2015 Males,112801
Denmark,2020 Males,123185
Denmark,2015 Females,125536
Denmark,2020 Females,135616
Djibouti,2015 Combined,16969
Djibouti,2020 Combined,18365
Djibouti,2015 Males,8659
Djibouti,2020 Males,9293
Djibouti,2015 Females,8310
Djibouti,2020 Females,9072
Dominica,2015 Combined,73056
Dominica,2020 Combined,78715
Dominica,2015 Males,30575
Dominica,2020 Males,32605
Dominica,2015 Females,42481
Dominica,2020 Females,46110
Dominican Republic,2015 Combined,1472583
Dominican Republic,2020 Combined,1662799
Dominican Republic,2015 Males,615307
Dominican Republic,2020 Males,685307
Dominican Republic,2015 Females,857276
Dominican Republic,2020 Females,977492
Ecuador,2015 Combined,1217125
Ecuador,2020 Combined,1241263
Ecuador,2015 Males,580897
Ecuador,2020 Males,587520
Ecuador,2015 Females,636228
Ecuador,2020 Females,653743
Egypt,2015 Combined,3155260
Egypt,2020 Combined,3614975
Egypt,2015 Males,2043879
Egypt,2020 Males,2344373
Egypt,2015 Females,1111381
Egypt,2020 Females,1270602
El Salvador,2015 Combined,1515596
El Salvador,2020 Combined,1602046
El Salvador,2015 Males,754810
El Salvador,2020 Males,795705
El Salvador,2015 Females,760786
El Salvador,2020 Females,806341
Equatorial Guinea,2015 Combined,117012
Equatorial Guinea,2020 Combined,128844
Equatorial Guinea,2015 Males,62975
Equatorial Guinea,2020 Males,68773
Equatorial Guinea,2015 Females,54037
Equatorial Guinea,2020 Females,60071
Eritrea,2015 Combined,624785
Eritrea,2020 Combined,802847
Eritrea,2015 Males,326418
Eritrea,2020 Males,422895
Eritrea,2015 Females,298367
Eritrea,2020 Females,379952
Estonia,2015 Combined,189447
Estonia,2020 Combined,206992
Estonia,2015 Males,84217
Estonia,2020 Males,91557
Estonia,2015 Females,105230
Estonia,2020 Females,115435
Eswatini,2015 Combined,46236
Eswatini,2020 Combined,50039
Eswatini,2015 Males,22566
Eswatini,2020 Males,24339
Eswatini,2015 Females,23670
Eswatini,2020 Females,25700
Ethiopia,2015 Combined,842578
Ethiopia,2020 Combined,946207
Ethiopia,2015 Males,452013
Ethiopia,2020 Males,510301
Ethiopia,2015 Females,390565
Ethiopia,2020 Females,435906
Falkland Islands (Malvinas),2015 Combined,1422
Falkland Islands (Malvinas),2020 Combined,1572
Falkland Islands (Malvinas),2015 Males,604
Falkland Islands (Malvinas),2020 Males,667
Falkland Islands (Malvinas),2015 Females,818
Falkland Islands (Malvinas),2020 Females,905
Faroe Islands,2015 Combined,13407
Faroe Islands,2020 Combined,12927
Faroe Islands,2015 Males,5736
Faroe Islands,2020 Males,5511
Faroe Islands,2015 Females,7671
Faroe Islands,2020 Females,7416
Fiji,2015 Combined,209275
Fiji,2020 Combined,234610
Fiji,2015 Males,99704
Fiji,2020 Males,111240
Fiji,2015 Females,109571
Fiji,2020 Females,123370
Finland,2015 Combined,283209
Finland,2020 Combined,312988
Finland,2015 Males,109269
Finland,2020 Males,124352
Finland,2015 Females,173940
Finland,2020 Females,188636
France,2015 Combined,2183853
France,2020 Combined,2414151
France,2015 Males,1059129
France,2020 Males,1178800
France,2015 Females,1124724
France,2020 Females,1235351
French Guiana,2015 Combined,5410
French Guiana,2020 Combined,5580
French Guiana,2015 Males,2361
French Guiana,2020 Males,2480
French Guiana,2015 Females,3049
French Guiana,2020 Females,3100
French Polynesia,2015 Combined,1978
French Polynesia,2020 Combined,2157
French Polynesia,2015 Males,1082
French Polynesia,2020 Males,1187
French Polynesia,2015 Females,896
French Polynesia,2020 Females,970
Gabon,2015 Combined,43111
Gabon,2020 Combined,48430
Gabon,2015 Males,20672
Gabon,2020 Males,23243
Gabon,2015 Females,22439
Gabon,2020 Females,25187
Gambia,2015 Combined,96996
Gambia,2020 Combined,139244
Gambia,2015 Males,60500
Gambia,2020 Males,93444
Gambia,2015 Females,36496
Gambia,2020 Females,45800
Georgia,2015 Combined,829022
Georgia,2020 Combined,861170
Georgia,2015 Males,411358
Georgia,2020 Males,428826
Georgia,2015 Females,417664
Georgia,2020 Females,432344
Germany,2015 Combined,3695738
Germany,2020 Combined,3918946
Germany,2015 Males,1724232
Germany,2020 Males,1818871
Germany,2015 Females,1971506
Germany,2020 Females,2100075
Ghana,2015 Combined,892410
Ghana,2020 Combined,1006866
Ghana,2015 Males,466280
Ghana,2020 Males,531207
Ghana,2015 Females,426130
Ghana,2020 Females,475659
Gibraltar,2015 Combined,11930
Gibraltar,2020 Combined,13403
Gibraltar,2015 Males,5771
Gibraltar,2020 Males,6439
Gibraltar,2015 Females,6159
Gibraltar,2020 Females,6964
Greece,2015 Combined,823830
Greece,2020 Combined,1092391
Greece,2015 Males,423266
Greece,2020 Males,569262
Greece,2015 Females,400564
Greece,2020 Females,523129
Greenland,2015 Combined,16726
Greenland,2020 Combined,17881
Greenland,2015 Males,7157
Greenland,2020 Males,7661
Greenland,2015 Females,9569
Greenland,2020 Females,10220
Grenada,2015 Combined,69367
Grenada,2020 Combined,62511
Grenada,2015 Males,30166
Grenada,2020 Males,27712
Grenada,2015 Females,39201
Grenada,2020 Females,34799
Guadeloupe,2015 Combined,14014
Guadeloupe,2020 Combined,14813
Guadeloupe,2015 Males,5713
Guadeloupe,2020 Males,6121
Guadeloupe,2015 Females,8301
Guadeloupe,2020 Females,8692
Guam,2015 Combined,3131
Guam,2020 Combined,3222
Guam,2015 Males,1443
Guam,2020 Males,1465
Guam,2015 Females,1688
Guam,2020 Females,1757
Guatemala,2015 Combined,1120380
Guatemala,2020 Combined,1371070
Guatemala,2015 Males,559005
Guatemala,2020 Males,678041
Guatemala,2015 Females,561375
Guatemala,2020 Females,693029
Guinea,2015 Combined,493490
Guinea,2020 Combined,550873
Guinea,2015 Males,273087
Guinea,2020 Males,312112
Guinea,2015 Females,220403
Guinea,2020 Females,238761
Guinea-Bissau,2015 Combined,99256
Guinea-Bissau,2020 Combined,112989
Guinea-Bissau,2015 Males,52278
Guinea-Bissau,2020 Males,61437
Guinea-Bissau,2015 Females,46978
Guinea-Bissau,2020 Females,51552
Guyana,2015 Combined,508384
Guyana,2020 Combined,466964
Guyana,2015 Males,236209
Guyana,2020 Males,215825
Guyana,2015 Females,272175
Guyana,2020 Females,251139
Haiti,2015 Combined,1528684
Haiti,2020 Combined,2063498
Haiti,2015 Males,826249
Haiti,2020 Males,1136312
Haiti,2015 Females,702435
Haiti,2020 Females,927186
Holy See,2015 Combined,310
Holy See,2020 Combined,174
Holy See,2015 Males,115
Holy See,2020 Males,71
Holy See,2015 Females,195
Holy See,2020 Females,103
Honduras,2015 Combined,731755
Honduras,2020 Combined,987325
Honduras,2015 Males,306556
Honduras,2020 Males,402146
Honduras,2015 Females,425199
Honduras,2020 Females,585179
Hungary,2015 Combined,604822
Hungary,2020 Combined,718516
Hungary,2015 Males,294389
Hungary,2020 Males,354476
Hungary,2015 Females,310433
Hungary,2020 Females,364040
Iceland,2015 Combined,37596
Iceland,2020 Combined,43899
Iceland,2015 Males,18737
Iceland,2020 Males,21610
Iceland,2015 Females,18859
Iceland,2020 Females,22289
India,2015 Combined,15888812
India,2020 Combined,17873978
India,2015 Males,10358873
India,2020 Males,11735488
India,2015 Females,5529939
India,2020 Females,6138490
Indonesia,2015 Combined,4066144
Indonesia,2020 Combined,4602521
Indonesia,2015 Males,2272713
Indonesia,2020 Males,2561317
Indonesia,2015 Females,1793431
Indonesia,2020 Females,2041204
Iran (Islamic Republic of),2015 Combined,1157155
Iran (Islamic Republic of),2020 Combined,1326743
Iran (Islamic Republic of),2015 Males,617959
Iran (Islamic Republic of),2020 Males,709892
Iran (Islamic Republic of),2015 Females,539196
Iran (Islamic Republic of),2020 Females,616851
Iraq,2015 Combined,1676392
Iraq,2020 Combined,2078846
Iraq,2015 Males,910717
Iraq,2020 Males,1038572
Iraq,2015 Females,765675
Iraq,2020 Females,1040274
Ireland,2015 Combined,737458
Ireland,2020 Combined,735348
Ireland,2015 Males,335282
Ireland,2020 Males,342237
Ireland,2015 Females,402176
Ireland,2020 Females,393111
Isle of Man,2015 Combined,10583
Isle of Man,2020 Combined,12034
Isle of Man,2015 Males,5188
Isle of Man,2020 Males,5818
Isle of Man,2015 Females,5395
Isle of Man,2020 Females,6216
Israel,2015 Combined,335921
Israel,2020 Combined,363951
Israel,2015 Males,172626
Israel,2020 Males,188404
Israel,2015 Females,163295
Israel,2020 Females,175547
Italy,2015 Combined,2941410
Italy,2020 Combined,3539117
Italy,2015 Males,1542291
Italy,2020 Males,1900440
Italy,2015 Females,1399119
Italy,2020 Females,1638677
Jamaica,2015 Combined,1032075
Jamaica,2020 Combined,1119424
Jamaica,2015 Males,440652
Jamaica,2020 Males,475343
Jamaica,2015 Females,591423
Jamaica,2020 Females,644081
Japan,2015 Combined,837833
Japan,2020 Combined,890729
Japan,2015 Males,388520
Japan,2020 Males,405513
Japan,2015 Females,449313
Japan,2020 Females,485216
Jordan,2015 Combined,708464
Jordan,2020 Combined,816666
Jordan,2015 Males,450220
Jordan,2020 Males,518216
Jordan,2015 Females,258244
Jordan,2020 Females,298450
Kazakhstan,2015 Combined,3885629
Kazakhstan,2020 Combined,4203954
Kazakhstan,2015 Males,1810047
Kazakhstan,2020 Males,1934718
Kazakhstan,2015 Females,2075582
Kazakhstan,2020 Females,2269236
Kenya,2015 Combined,480717
Kenya,2020 Combined,535421
Kenya,2015 Males,227224
Kenya,2020 Males,252769
Kenya,2015 Females,253493
Kenya,2020 Females,282652
Kiribati,2015 Combined,4711
Kiribati,2020 Combined,5727
Kiribati,2015 Males,2353
Kiribati,2020 Males,2861
Kiribati,2015 Females,2358
Kiribati,2020 Females,2866
Kuwait,2015 Combined,195135
Kuwait,2020 Combined,212367
Kuwait,2015 Males,118323
Kuwait,2020 Males,129656
Kuwait,2015 Females,76812
Kuwait,2020 Females,82711
Kyrgyzstan,2015 Combined,742847
Kyrgyzstan,2020 Combined,774382
Kyrgyzstan,2015 Males,358757
Kyrgyzstan,2020 Males,368269
Kyrgyzstan,2015 Females,384090
Kyrgyzstan,2020 Females,406113
Lao People's Democratic Republic,2015 Combined,1289318
Lao People's Democratic Republic,2020 Combined,1297295
Lao People's Democratic Republic,2015 Males,592791
Lao People's Democratic Republic,2020 Males,571803
Lao People's Democratic Republic,2015 Females,696527
Lao People's Democratic Republic,2020 Females,725492
Latvia,2015 Combined,369668
Latvia,2020 Combined,380445
Latvia,2015 Males,165463
Latvia,2020 Males,172747
Latvia,2015 Females,204205
Latvia,2020 Females,207698
Lebanon,2015 Combined,780430
Lebanon,2020 Combined,880965
Lebanon,2015 Males,462054
Lebanon,2020 Males,521989
Lebanon,2015 Females,318376
Lebanon,2020 Females,358976
Lesotho,2015 Combined,191457
Lesotho,2020 Combined,202164
Lesotho,2015 Males,86078
Lesotho,2020 Males,89567
Lesotho,2015 Females,105379
Lesotho,2020 Females,112597
Liberia,2015 Combined,205785
Liberia,2020 Combined,233609
Liberia,2015 Males,102970
Liberia,2020 Males,116260
Liberia,2015 Females,102815
Liberia,2020 Females,117349
Libya,2015 Combined,152846
Libya,2020 Combined,185818
Libya,2015 Males,81812
Libya,2020 Males,101302
Libya,2015 Females,71034
Libya,2020 Females,84516
Liechtenstein,2015 Combined,3633
Liechtenstein,2020 Combined,3804
Liechtenstein,2015 Males,1635
Liechtenstein,2020 Males,1726
Liechtenstein,2015 Females,1998
Liechtenstein,2020 Females,2078
Lithuania,2015 Combined,557580
Lithuania,2020 Combined,659397
Lithuania,2015 Males,245298
Lithuania,2020 Males,289071
Lithuania,2015 Females,312282
Lithuania,2020 Females,370326
Luxembourg,2015 Combined,69547
Luxembourg,2020 Combined,81953
Luxembourg,2015 Males,32811
Luxembourg,2020 Males,40562
Luxembourg,2015 Females,36736
Luxembourg,2020 Females,41391
Madagascar,2015 Combined,175923
Madagascar,2020 Combined,193582
Madagascar,2015 Males,68229
Madagascar,2020 Males,74987
Madagascar,2015 Females,107694
Madagascar,2020 Females,118595
Malawi,2015 Combined,297490
Malawi,2020 Combined,311070
Malawi,2015 Males,172333
Malawi,2020 Males,185437
Malawi,2015 Females,125157
Malawi,2020 Females,125633
Malaysia,2015 Combined,1781303
Malaysia,2020 Combined,1860347
Malaysia,2015 Males,816297
Malaysia,2020 Males,805320
Malaysia,2015 Females,965006
Malaysia,2020 Females,1055027
Maldives,2015 Combined,3617
Maldives,2020 Combined,3726
Maldives,2015 Males,1685
Maldives,2020 Males,1745
Maldives,2015 Females,1932
Maldives,2020 Females,1981
Mali,2015 Combined,1228553
Mali,2020 Combined,1303519
Mali,2015 Males,696323
Mali,2020 Males,742064
Mali,2015 Females,532230
Mali,2020 Females,561455
Malta,2015 Combined,93616
Malta,2020 Combined,102872
Malta,2015 Males,47256
Malta,2020 Males,51761
Malta,2015 Females,46360
Malta,2020 Females,51111
Marshall Islands,2015 Combined,7997
Marshall Islands,2020 Combined,11269
Marshall Islands,2015 Males,3947
Marshall Islands,2020 Males,5507
Marshall Islands,2015 Females,4050
Marshall Islands,2020 Females,5762
Martinique,2015 Combined,15372
Martinique,2020 Combined,15985
Martinique,2015 Males,6828
Martinique,2020 Males,7095
Martinique,2015 Females,8544
Martinique,2020 Females,8890
Mauritania,2015 Combined,114632
Mauritania,2020 Combined,130227
Mauritania,2015 Males,71355
Mauritania,2020 Males,80059
Mauritania,2015 Females,43277
Mauritania,2020 Females,50168
Mauritius,2015 Combined,165869
Mauritius,2020 Combined,182973
Mauritius,2015 Males,74559
Mauritius,2020 Males,82790
Mauritius,2015 Females,91310
Mauritius,2020 Females,100183
Mayotte,2015 Combined,6545
Mayotte,2020 Combined,6767
Mayotte,2015 Males,3199
Mayotte,2020 Males,3305
Mayotte,2015 Females,3346
Mayotte,2020 Females,3462
Mexico,2015 Combined,11958279
Mexico,2020 Combined,11231897
Mexico,2015 Males,6375904
Mexico,2020 Males,5971195
Mexico,2015 Females,5582375
Mexico,2020 Females,5260702
Micronesia,2015 Combined,62625
Micronesia,2020 Combined,72710
Micronesia,2015 Males,31301
Micronesia,2020 Males,36113
Micronesia,2015 Females,31324
Micronesia,2020 Females,36597
Micronesia (Fed. States of),2015 Combined,33033
Micronesia (Fed. States of),2020 Combined,37981
Micronesia (Fed. States of),2015 Males,16575
Micronesia (Fed. States of),2020 Males,18931
Micronesia (Fed. States of),2015 Females,16458
Micronesia (Fed. States of),2020 Females,19050
Monaco,2015 Combined,29475
Monaco,2020 Combined,32722
Monaco,2015 Males,13970
Monaco,2020 Males,15536
Monaco,2015 Females,15505
Monaco,2020 Females,17186
Mongolia,2015 Combined,65487
Mongolia,2020 Combined,82099
Mongolia,2015 Males,30999
Mongolia,2020 Males,39366
Mongolia,2015 Females,34488
Mongolia,2020 Females,42733
Montenegro,2015 Combined,134329
Montenegro,2020 Combined,133249
Montenegro,2015 Males,61474
Montenegro,2020 Males,61684
Montenegro,2015 Females,72855
Montenegro,2020 Females,71565
Montserrat,2015 Combined,20136
Montserrat,2020 Combined,24582
Montserrat,2015 Males,8863
Montserrat,2020 Males,10680
Montserrat,2015 Females,11273
Montserrat,2020 Females,13902
Morocco,2015 Combined,2973695
Morocco,2020 Combined,3264173
Morocco,2015 Males,1576310
Morocco,2020 Males,1708515
Morocco,2015 Females,1397385
Morocco,2020 Females,1555658
Mozambique,2015 Combined,598684
Mozambique,2020 Combined,642031
Mozambique,2015 Males,348849
Mozambique,2020 Males,386772
Mozambique,2015 Females,249835
Mozambique,2020 Females,255259
Myanmar,2015 Combined,2842517
Myanmar,2020 Combined,3711774
Myanmar,2015 Males,1593444
Myanmar,2020 Males,2323915
Myanmar,2015 Females,1249073
Myanmar,2020 Females,1387859
Namibia,2015 Combined,50469
Namibia,2020 Combined,47833
Namibia,2015 Males,25090
Namibia,2020 Males,23664
Namibia,2015 Females,25379
Namibia,2020 Females,24169
Nauru,2015 Combined,3738
Nauru,2020 Combined,4040
Nauru,2015 Males,1868
Nauru,2020 Males,2006
Nauru,2015 Females,1870
Nauru,2020 Females,2034
Nepal,2015 Combined,2270357
Nepal,2020 Combined,2599894
Nepal,2015 Males,1239317
Nepal,2020 Males,1461863
Nepal,2015 Females,1031040
Nepal,2020 Females,1138031
Netherlands,2015 Combined,877591
Netherlands,2020 Combined,982351
Netherlands,2015 Males,442094
Netherlands,2020 Males,492165
Netherlands,2015 Females,435497
Netherlands,2020 Females,490186
New Caledonia,2015 Combined,5584
New Caledonia,2020 Combined,5839
New Caledonia,2015 Males,2725
New Caledonia,2020 Males,2855
New Caledonia,2015 Females,2859
New Caledonia,2020 Females,2984
New Zealand,2015 Combined,738748
New Zealand,2020 Combined,806982
New Zealand,2015 Males,375020
New Zealand,2020 Males,407265
New Zealand,2015 Females,363728
New Zealand,2020 Females,399717
Nicaragua,2015 Combined,658810
Nicaragua,2020 Combined,721471
Nicaragua,2015 Males,306608
Nicaragua,2020 Males,340044
Nicaragua,2015 Females,352202
Nicaragua,2020 Females,381427
Niger,2015 Combined,375010
Niger,2020 Combined,399725
Niger,2015 Males,221632
Niger,2020 Males,236334
Niger,2015 Females,153378
Niger,2020 Females,163391
Nigeria,2015 Combined,1308894
Nigeria,2020 Combined,1674151
Nigeria,2015 Males,684450
Nigeria,2020 Males,880418
Nigeria,2015 Females,624444
Nigeria,2020 Females,793733
Niue,2015 Combined,5350
Niue,2020 Combined,5187
Niue,2015 Males,2620
Niue,2020 Males,2555
Niue,2015 Females,2730
Niue,2020 Females,2632
North Macedonia,2015 Combined,564903
North Macedonia,2020 Combined,695475
North Macedonia,2015 Males,292007
North Macedonia,2020 Males,358491
North Macedonia,2015 Females,272896
North Macedonia,2020 Females,336984
Northern Mariana Islands,2015 Combined,5139
Northern Mariana Islands,2020 Combined,5405
Northern Mariana Islands,2015 Males,2635
Northern Mariana Islands,2020 Males,2755
Northern Mariana Islands,2015 Females,2504
Northern Mariana Islands,2020 Females,2650
Norway,2015 Combined,186837
Norway,2020 Combined,192810
Norway,2015 Males,83067
Norway,2020 Males,83706
Norway,2015 Females,103770
Norway,2020 Females,109104
Oman,2015 Combined,22820
Oman,2020 Combined,25123
Oman,2015 Males,11980
Oman,2020 Males,13588
Oman,2015 Females,10840
Oman,2020 Females,11535
Other,2015 Combined,10918842
Other,2020 Combined,12657151
Other,2015 Males,5685512
Other,2020 Males,6533198
Other,2015 Females,5233330
Other,2020 Females,6123953
Pakistan,2015 Combined,5798656
Pakistan,2020 Combined,6330708
Pakistan,2015 Males,3744144
Pakistan,2020 Males,4148456
Pakistan,2015 Females,2054512
Pakistan,2020 Females,2182252
Palau,2015 Combined,4876
Palau,2020 Combined,5066
Palau,2015 Males,2480
Palau,2020 Males,2588
Palau,2015 Females,2396
Palau,2020 Females,2478
Panama,2015 Combined,155856
Panama,2020 Combined,146065
Panama,2015 Males,76456
Panama,2020 Males,71531
Panama,2015 Females,79400
Panama,2020 Females,74534
Papua New Guinea,2015 Combined,4982
Papua New Guinea,2020 Combined,4811
Papua New Guinea,2015 Males,2353
Papua New Guinea,2020 Males,2354
Papua New Guinea,2015 Females,2629
Papua New Guinea,2020 Females,2457
Paraguay,2015 Combined,1580465
Paraguay,2020 Combined,1645568
Paraguay,2015 Males,690872
Paraguay,2020 Males,721394
Paraguay,2015 Females,889593
Paraguay,2020 Females,924174
Peru,2015 Combined,1851773
Peru,2020 Combined,2053865
Peru,2015 Males,812880
Peru,2020 Males,924288
Peru,2015 Females,1038893
Peru,2020 Females,1129577
Philippines,2015 Combined,5543346
Philippines,2020 Combined,6141656
Philippines,2015 Males,2556311
Philippines,2020 Males,2829298
Philippines,2015 Females,2987035
Philippines,2020 Females,3312358
Poland,2015 Combined,4092104
Poland,2020 Combined,4841034
Poland,2015 Males,1891069
Poland,2020 Males,2306490
Poland,2015 Females,2201035
Poland,2020 Females,2534544
Portugal,2015 Combined,2193690
Portugal,2020 Combined,2314636
Portugal,2015 Males,1125854
Portugal,2020 Males,1196922
Portugal,2015 Females,1067836
Portugal,2020 Females,1117714
Puerto Rico,2015 Combined,1721850
Puerto Rico,2020 Combined,1856913
Puerto Rico,2015 Males,844581
Puerto Rico,2020 Males,908860
Puerto Rico,2015 Females,877269
Puerto Rico,2020 Females,948053
Qatar,2015 Combined,23576
Qatar,2020 Combined,25706
Qatar,2015 Males,11904
Qatar,2020 Males,13146
Qatar,2015 Females,11672
Qatar,2020 Females,12560
Republic of Korea,2015 Combined,2180804
Republic of Korea,2020 Combined,2235684
Republic of Korea,2015 Males,1077103
Republic of Korea,2020 Males,1104515
Republic of Korea,2015 Females,1103701
Republic of Korea,2020 Females,1131169
Republic of Moldova,2015 Combined,930224
Republic of Moldova,2020 Combined,1159910
Republic of Moldova,2015 Males,431083
Republic of Moldova,2020 Males,554540
Republic of Moldova,2015 Females,499141
Republic of Moldova,2020 Females,605370
Romania,2015 Combined,3425832
Romania,2020 Combined,3992629
Romania,2015 Males,1570107
Romania,2020 Males,1876563
Romania,2015 Females,1855725
Romania,2020 Females,2116066
Russian Federation,2015 Combined,10187260
Russian Federation,2020 Combined,10764761
Russian Federation,2015 Males,4452199
Russian Federation,2020 Males,4658401
Russian Federation,2015 Females,5735061
Russian Federation,2020 Females,6106360
Rwanda,2015 Combined,503685
Rwanda,2020 Combined,492507
Rwanda,2015 Males,247171
Rwanda,2020 Males,241204
Rwanda,2015 Females,256514
Rwanda,2020 Females,251303
Réunion,2015 Combined,3260
Réunion,2020 Combined,3460
Réunion,2015 Males,1250
Réunion,2020 Males,1372
Réunion,2015 Females,2010
Réunion,2020 Females,2088
Saint Barthélemy,2015 Combined,0
Saint Barthélemy,2020 Combined,0
Saint Barthélemy,2015 Males,0
Saint Barthélemy,2020 Males,0
Saint Barthélemy,2015 Females,0
Saint Barthélemy,2020 Females,0
Saint Helena,2015 Combined,4608
Saint Helena,2020 Combined,5287
Saint Helena,2015 Males,1912
Saint Helena,2020 Males,2208
Saint Helena,2015 Females,2696
Saint Helena,2020 Females,3079
Saint Kitts and Nevis,2015 Combined,40247
Saint Kitts and Nevis,2020 Combined,50323
Saint Kitts and Nevis,2015 Males,18145
Saint Kitts and Nevis,2020 Males,22392
Saint Kitts and Nevis,2015 Females,22102
Saint Kitts and Nevis,2020 Females,27931
Saint Lucia,2015 Combined,59022
Saint Lucia,2020 Combined,72424
Saint Lucia,2015 Males,24675
Saint Lucia,2020 Males,30161
Saint Lucia,2015 Females,34347
Saint Lucia,2020 Females,42263
Saint Martin (French part),2015 Combined,0
Saint Martin (French part),2020 Combined,0
Saint Martin (French part),2015 Males,0
Saint Martin (French part),2020 Males,0
Saint Martin (French part),2015 Females,0
Saint Martin (French part),2020 Females,0
Saint Pierre and Miquelon,2015 Combined,400
Saint Pierre and Miquelon,2020 Combined,433
Saint Pierre and Miquelon,2015 Males,222
Saint Pierre and Miquelon,2020 Males,242
Saint Pierre and Miquelon,2015 Females,178
Saint Pierre and Miquelon,2020 Females,191
Saint Vincent and the Grenadines,2015 Combined,62676
Saint Vincent and the Grenadines,2020 Combined,55931
Saint Vincent and the Grenadines,2015 Males,29259
Saint Vincent and the Grenadines,2020 Males,25974
Saint Vincent and the Grenadines,2015 Females,33417
Saint Vincent and the Grenadines,2020 Females,29957
Samoa,2015 Combined,116876
Samoa,2020 Combined,135752
Samoa,2015 Males,57519
Samoa,2020 Males,66681
Samoa,2015 Females,59357
Samoa,2020 Females,69071
San Marino,2015 Combined,3745
San Marino,2020 Combined,2466
San Marino,2015 Males,1283
San Marino,2020 Males,1001
San Marino,2015 Females,2462
San Marino,2020 Females,1465
Sao Tome and Principe,2015 Combined,35231
Sao Tome and Principe,2020 Combined,39681
Sao Tome and Principe,2015 Males,16261
Sao Tome and Principe,2020 Males,18849
Sao Tome and Principe,2015 Females,18970
Sao Tome and Principe,2020 Females,20832
Saudi Arabia,2015 Combined,285122
Saudi Arabia,2020 Combined,301451
Saudi Arabia,2015 Males,155835
Saudi Arabia,2020 Males,166686
Saudi Arabia,2015 Females,129287
Saudi Arabia,2020 Females,134765
Senegal,2015 Combined,599749
Senegal,2020 Combined,700052
Senegal,2015 Males,372768
Senegal,2020 Males,436028
Senegal,2015 Females,226981
Senegal,2020 Females,264024
Serbia,2015 Combined,828250
Serbia,2020 Combined,1005315
Serbia,2015 Males,406933
Serbia,2020 Males,498152
Serbia,2015 Females,421317
Serbia,2020 Females,507163
Seychelles,2015 Combined,27518
Seychelles,2020 Combined,29295
Seychelles,2015 Males,11818
Seychelles,2020 Males,12661
Seychelles,2015 Females,15700
Seychelles,2020 Females,16634
Sierra Leone,2015 Combined,139306
Sierra Leone,2020 Combined,152495
Sierra Leone,2015 Males,69285
Sierra Leone,2020 Males,76152
Sierra Leone,2015 Females,70021
Sierra Leone,2020 Females,76343
Singapore,2015 Combined,324796
Singapore,2020 Combined,348628
Singapore,2015 Males,157650
Singapore,2020 Males,166871
Singapore,2015 Females,167146
Singapore,2020 Females,181757
Sint Maarten (Dutch part),2015 Combined,2234
Sint Maarten (Dutch part),2020 Combined,2484
Sint Maarten (Dutch part),2015 Males,1077
Sint Maarten (Dutch part),2020 Males,1204
Sint Maarten (Dutch part),2015 Females,1157
Sint Maarten (Dutch part),2020 Females,1280
Slovakia,2015 Combined,347727
Slovakia,2020 Combined,420013
Slovakia,2015 Males,157267
Slovakia,2020 Males,195748
Slovakia,2015 Females,190460
Slovakia,2020 Females,224265
Slovenia,2015 Combined,137697
Slovenia,2020 Combined,161394
Slovenia,2015 Males,61772
Slovenia,2020 Males,74016
Slovenia,2015 Females,75925
Slovenia,2020 Females,87378
Solomon Islands,2015 Combined,3952
Solomon Islands,2020 Combined,4344
Solomon Islands,2015 Males,1956
Solomon Islands,2020 Males,2123
Solomon Islands,2015 Females,1996
Solomon Islands,2020 Females,2221
Somalia,2015 Combined,2008496
Somalia,2020 Combined,2034226
Somalia,2015 Males,1040987
Somalia,2020 Males,1064788
Somalia,2015 Females,967509
Somalia,2020 Females,969438
South Africa,2015 Combined,788864
South Africa,2020 Combined,917470
South Africa,2015 Males,381028
South Africa,2020 Males,453421
South Africa,2015 Females,407836
South Africa,2020 Females,464049
South Sudan,2015 Combined,1060678
South Sudan,2020 Combined,2575870
South Sudan,2015 Males,543822
South Sudan,2020 Males,1271104
South Sudan,2015 Females,516856
South Sudan,2020 Females,1304766
Spain,2015 Combined,1550230
Spain,2020 Combined,1790900
Spain,2015 Males,717921
Spain,2020 Males,848827
Spain,2015 Females,832309
Spain,2020 Females,942073
Sri Lanka,2015 Combined,1656297
Sri Lanka,2020 Combined,1960163
Sri Lanka,2015 Males,937606
Sri Lanka,2020 Males,1128344
Sri Lanka,2015 Females,718691
Sri Lanka,2020 Females,831819
State of Palestine,2015 Combined,3774580
State of Palestine,2020 Combined,4023359
State of Palestine,2015 Males,1972933
State of Palestine,2020 Males,2112612
State of Palestine,2015 Females,1801647
State of Palestine,2020 Females,1910747
Sudan,2015 Combined,1842613
Sudan,2020 Combined,2104897
Sudan,2015 Males,1013999
Sudan,2020 Males,1155694
Sudan,2015 Females,828614
Sudan,2020 Females,949203
Suriname,2015 Combined,280753
Suriname,2020 Combined,302381
Suriname,2015 Males,125257
Suriname,2020 Males,134695
Suriname,2015 Females,155496
Suriname,2020 Females,167686
Sweden,2015 Combined,304398
Sweden,2020 Combined,329921
Sweden,2015 Males,137132
Sweden,2020 Males,148919
Sweden,2015 Females,167266
Sweden,2020 Females,181002
Switzerland,2015 Combined,653919
Switzerland,2020 Combined,723879
Switzerland,2015 Males,301658
Switzerland,2020 Males,333123
Switzerland,2015 Females,352261
Switzerland,2020 Females,390756
Syrian Arab Republic,2015 Combined,6468092
Syrian Arab Republic,2020 Combined,8481255
Syrian Arab Republic,2015 Males,3676122
Syrian Arab Republic,2020 Males,4884118
Syrian Arab Republic,2015 Females,2791970
Syrian Arab Republic,2020 Females,3597137
Tajikistan,2015 Combined,585070
Tajikistan,2020 Combined,586860
Tajikistan,2015 Males,334204
Tajikistan,2020 Males,337401
Tajikistan,2015 Females,250866
Tajikistan,2020 Females,249459
Thailand,2015 Combined,922389
Thailand,2020 Combined,1087739
Thailand,2015 Males,348441
Thailand,2020 Males,423853
Thailand,2015 Females,573948
Thailand,2020 Females,663886
Timor-Leste,2015 Combined,37383
Timor-Leste,2020 Combined,39650
Timor-Leste,2015 Males,20595
Timor-Leste,2020 Males,21797
Timor-Leste,2015 Females,16788
Timor-Leste,2020 Females,17853
Togo,2015 Combined,495393
Togo,2020 Combined,545421
Togo,2015 Males,247175
Togo,2020 Males,271534
Togo,2015 Females,248218
Togo,2020 Females,273887
Tokelau,2015 Combined,2171
Tokelau,2020 Combined,2112
Tokelau,2015 Males,1096
Tokelau,2020 Males,1068
Tokelau,2015 Females,1075
Tokelau,2020 Females,1044
Tonga,2015 Combined,59221
Tonga,2020 Combined,74567
Tonga,2015 Males,29485
Tonga,2020 Males,36760
Tonga,2015 Females,29736
Tonga,2020 Females,37807
Trinidad and Tobago,2015 Combined,372241
Trinidad and Tobago,2020 Combined,334006
Trinidad and Tobago,2015 Males,156316
Trinidad and Tobago,2020 Males,139052
Trinidad and Tobago,2015 Females,215925
Trinidad and Tobago,2020 Females,194954
Tunisia,2015 Combined,774531
Tunisia,2020 Combined,902424
Tunisia,2015 Males,434711
Tunisia,2020 Males,502526
Tunisia,2015 Females,339820
Tunisia,2020 Females,399898
Turkey,2015 Combined,3074814
Turkey,2020 Combined,3412765
Turkey,2015 Males,1588151
Turkey,2020 Males,1766827
Turkey,2015 Females,1486663
Turkey,2020 Females,1645938
Turkmenistan,2015 Combined,238556
Turkmenistan,2020 Combined,242581
Turkmenistan,2015 Males,113833
Turkmenistan,2020 Males,115604
Turkmenistan,2015 Females,124723
Turkmenistan,2020 Females,126977
Turks and Caicos Islands,2015 Combined,2454
Turks and Caicos Islands,2020 Combined,2689
Turks and Caicos Islands,2015 Males,1036
Turks and Caicos Islands,2020 Males,1136
Turks and Caicos Islands,2015 Females,1418
Turks and Caicos Islands,2020 Females,1553
Tuvalu,2015 Combined,3532
Tuvalu,2020 Combined,4022
Tuvalu,2015 Males,1781
Tuvalu,2020 Males,2020
Tuvalu,2015 Females,1751
Tuvalu,2020 Females,2002
Uganda,2015 Combined,786306
Uganda,2020 Combined,781521
Uganda,2015 Males,375993
Uganda,2020 Males,372780
Uganda,2015 Females,410313
Uganda,2020 Females,408741
Ukraine,2015 Combined,5803787
Ukraine,2020 Combined,6145721
Ukraine,2015 Males,2612408
Ukraine,2020 Males,2781708
Ukraine,2015 Females,3191379
Ukraine,2020 Females,3364013
United Arab Emirates,2015 Combined,178363
United Arab Emirates,2020 Combined,203254
United Arab Emirates,2015 Males,94439
United Arab Emirates,2020 Males,107495
United Arab Emirates,2015 Females,83924
United Arab Emirates,2020 Females,95759
United Kingdom,2015 Combined,4397170
United Kingdom,2020 Combined,4753873
United Kingdom,2015 Males,2233696
United Kingdom,2020 Males,2421084
United Kingdom,2015 Females,2163474
United Kingdom,2020 Females,2332789
United Republic of Tanzania,2015 Combined,294212
United Republic of Tanzania,2020 Combined,327980
United Republic of Tanzania,2015 Males,145385
United Republic of Tanzania,2020 Males,162545
United Republic of Tanzania,2015 Females,148827
United Republic of Tanzania,2020 Females,165435
United States Virgin Islands,2015 Combined,3953
United States Virgin Islands,2020 Combined,3908
United States Virgin Islands,2015 Males,2206
United States Virgin Islands,2020 Males,2169
United States Virgin Islands,2015 Females,1747
United States Virgin Islands,2020 Females,1739
United States of America,2015 Combined,2864209
United States of America,2020 Combined,3173045
United States of America,2015 Males,1443642
United States of America,2020 Males,1602083
United States of America,2015 Females,1420567
United States of America,2020 Females,1570962
Uruguay,2015 Combined,531221
Uruguay,2020 Combined,548592
Uruguay,2015 Males,253955
Uruguay,2020 Males,264160
Uruguay,2015 Females,277266
Uruguay,2020 Females,284432
Uzbekistan,2015 Combined,1976061
Uzbekistan,2020 Combined,2027860
Uzbekistan,2015 Males,1023637
Uzbekistan,2020 Males,1051421
Uzbekistan,2015 Females,952424
Uzbekistan,2020 Females,976439
Vanuatu,2015 Combined,6759
Vanuatu,2020 Combined,7254
Vanuatu,2015 Males,3231
Vanuatu,2020 Males,3438
Vanuatu,2015 Females,3528
Vanuatu,2020 Females,3816
Venezuela (Bolivarian Republic of),2015 Combined,839982
Venezuela (Bolivarian Republic of),2020 Combined,9518541
Venezuela (Bolivarian Republic of),2015 Males,377193
Venezuela (Bolivarian Republic of),2020 Males,4640537
Venezuela (Bolivarian Republic of),2015 Females,462789
Venezuela (Bolivarian Republic of),2020 Females,4878004
Viet Nam,2015 Combined,2910072
Viet Nam,2020 Combined,3392637
Viet Nam,2015 Males,1464936
Viet Nam,2020 Males,1687202
Viet Nam,2015 Females,1445136
Viet Nam,2020 Females,1705435
Wallis and Futuna Islands,2015 Combined,11227
Wallis and Futuna Islands,2020 Combined,11917
Wallis and Futuna Islands,2015 Males,5364
Wallis and Futuna Islands,2020 Males,5673
Wallis and Futuna Islands,2015 Females,5863
Wallis and Futuna Islands,2020 Females,6244
Western Sahara,2015 Combined,185885
Western Sahara,2020 Combined,194932
Western Sahara,2015 Males,98132
Western Sahara,2020 Males,102851
Western Sahara,2015 Females,87753
Western Sahara,2020 Females,92081
Yemen,2015 Combined,1095240
Yemen,2020 Combined,1301166
Yemen,2015 Males,720626
Yemen,2020 Males,847302
Yemen,2015 Females,374614
Yemen,2020 Females,453864
Zambia,2015 Combined,184375
Zambia,2020 Combined,200703
Zambia,2015 Males,86167
Zambia,2020 Males,93623
Zambia,2015 Females,98208
Zambia,2020 Females,107080
Zimbabwe,2015 Combined,1167205
Zimbabwe,2020 Combined,1243461
Zimbabwe,2015 Males,602202
Zimbabwe,2020 Males,641258
Zimbabwe,2015 Females,565003
Zimbabwe,2020 Females,602203
